CodigoProvincia,NombreProvincia,CodigoSeccion,NombreMunicipio,CodigoLocalidad,NombreLocalidad,CodigoRecinto,NombreRecinto,CodigoMesa,NumeroMesa,UPP,MDA,MTS,LIBRE-PANDO,MNR,FSUTCP,FRI,NGP,A-UPP,APB-SUMATE
1,Nicolás Suárez,1,Cobija,2751,Nueva Esperanza,13,U.E. Nueva Esperanza,9000061,1,16,11,4,48,12,0,8,10,,
1,Nicolás Suárez,1,Cobija,2773,Cobija,3,U. E. Instituto Americano,9000771,1,9,28,12,69,4,0,9,7,,
1,Nicolás Suárez,1,Cobija,2773,Cobija,3,U. E. Instituto Americano,9000781,2,14,41,5,84,4,0,8,8,,
1,Nicolás Suárez,1,Cobija,2773,Cobija,3,U. E. Instituto Americano,9000791,3,10,32,3,75,4,0,15,4,,
1,Nicolás Suárez,1,Cobija,2773,Cobija,3,U. E. Instituto Americano,9000801,4,3,5,2,15,3,0,1,2,,
1,Nicolás Suárez,1,Cobija,2773,Cobija,8,U.E. Mariano Baptista,9000811,1,8,27,16,48,6,0,19,10,,
1,Nicolás Suárez,1,Cobija,2773,Cobija,8,U.E. Mariano Baptista,9000821,2,5,41,8,57,4,0,13,5,,
1,Nicolás Suárez,1,Cobija,2773,Cobija,8,U.E. Mariano Baptista,9000831,3,7,23,9,50,10,0,14,5,,
1,Nicolás Suárez,1,Cobija,2773,Cobija,8,U.E. Mariano Baptista,9000841,4,8,21,9,56,4,0,12,6,,
1,Nicolás Suárez,1,Cobija,2773,Cobija,8,U.E. Mariano Baptista,9000851,5,2,15,2,24,1,0,6,1,,
1,Nicolás Suárez,1,Cobija,2773,Cobija,11,U. E. 11 de Octubre,9000211,1,10,30,9,44,5,0,12,2,,
1,Nicolás Suárez,1,Cobija,2773,Cobija,11,U. E. 11 de Octubre,9000221,2,9,29,12,49,15,0,14,2,,
1,Nicolás Suárez,1,Cobija,2773,Cobija,11,U. E. 11 de Octubre,9000231,3,7,24,9,53,6,0,17,1,,
1,Nicolás Suárez,1,Cobija,2773,Cobija,11,U. E. 11 de Octubre,9000241,4,11,36,13,44,6,0,14,7,,
1,Nicolás Suárez,1,Cobija,2773,Cobija,11,U. E. 11 de Octubre,9000251,5,6,22,8,57,6,0,10,5,,
1,Nicolás Suárez,1,Cobija,2773,Cobija,11,U. E. 11 de Octubre,9000261,6,6,24,15,47,8,0,0,3,,
1,Nicolás Suárez,1,Cobija,2773,Cobija,11,U. E. 11 de Octubre,9000271,7,5,24,12,55,7,0,14,6,,
1,Nicolás Suárez,1,Cobija,2773,Cobija,11,U. E. 11 de Octubre,9000281,8,3,33,5,46,8,0,10,2,,
1,Nicolás Suárez,1,Cobija,2773,Cobija,11,U. E. 11 de Octubre,9000291,9,6,29,13,63,6,0,10,2,,
1,Nicolás Suárez,1,Cobija,2773,Cobija,11,U. E. 11 de Octubre,9000301,10,13,21,5,52,6,0,12,4,,
1,Nicolás Suárez,1,Cobija,2773,Cobija,11,U. E. 11 de Octubre,9000311,11,7,24,7,37,2,0,12,3,,
1,Nicolás Suárez,1,Cobija,2773,Cobija,12,U.E. German Busch,9000011,1,10,28,8,47,5,0,6,1,,
1,Nicolás Suárez,1,Cobija,2773,Cobija,12,U.E. German Busch,9000021,2,10,32,6,39,4,0,6,2,,
1,Nicolás Suárez,1,Cobija,2773,Cobija,12,U.E. German Busch,9000031,3,13,18,10,56,3,0,4,3,,
1,Nicolás Suárez,1,Cobija,2773,Cobija,12,U.E. German Busch,9000041,4,5,35,8,65,3,0,3,2,,
1,Nicolás Suárez,1,Cobija,2773,Cobija,12,U.E. German Busch,9000051,5,4,15,6,47,4,0,7,1,,
1,Nicolás Suárez,1,Cobija,2773,Cobija,13,(Cárcel) Cárcel Pública (Villa Busch),9000071,1,12,35,6,27,3,0,3,2,,
1,Nicolás Suárez,1,Cobija,2773,Cobija,13,(Cárcel) Cárcel Pública (Villa Busch),9000081,2,17,34,8,25,1,0,4,3,,
1,Nicolás Suárez,1,Cobija,2773,Cobija,13,(Cárcel) Cárcel Pública (Villa Busch),9000091,3,1,6,0,3,0,0,0,0,,
1,Nicolás Suárez,1,Cobija,2773,Cobija,14,U.E. De Bella Vista,9000101,1,6,40,13,51,6,0,16,7,,
1,Nicolás Suárez,1,Cobija,2773,Cobija,14,U.E. De Bella Vista,9000111,2,10,29,4,43,7,0,9,6,,
1,Nicolás Suárez,1,Cobija,2773,Cobija,14,U.E. De Bella Vista,9000121,3,6,25,6,57,2,0,8,5,,
1,Nicolás Suárez,1,Cobija,2773,Cobija,14,U.E. De Bella Vista,9000131,4,3,24,5,46,4,0,7,5,,
1,Nicolás Suárez,1,Cobija,2773,Cobija,14,U.E. De Bella Vista,9000141,5,1,22,11,43,11,0,7,5,,
1,Nicolás Suárez,1,Cobija,2773,Cobija,14,U.E. De Bella Vista,9000151,6,8,29,10,45,9,0,8,3,,
1,Nicolás Suárez,1,Cobija,2773,Cobija,14,U.E. De Bella Vista,9000161,7,7,8,7,23,3,0,5,1,,
1,Nicolás Suárez,1,Cobija,2773,Cobija,23,U. E. Vaca Diez (Intermedio),9000861,1,11,18,12,51,4,0,11,2,,
1,Nicolás Suárez,1,Cobija,2773,Cobija,23,U. E. Vaca Diez (Intermedio),9000871,2,5,30,5,42,5,0,11,4,,
1,Nicolás Suárez,1,Cobija,2773,Cobija,23,U. E. Vaca Diez (Intermedio),9000881,3,10,23,2,59,6,0,14,2,,
1,Nicolás Suárez,1,Cobija,2773,Cobija,23,U. E. Vaca Diez (Intermedio),9000891,4,8,31,5,51,4,0,6,2,,
1,Nicolás Suárez,1,Cobija,2773,Cobija,23,U. E. Vaca Diez (Intermedio),9000901,5,8,26,9,49,2,0,8,3,,
1,Nicolás Suárez,1,Cobija,2773,Cobija,23,U. E. Vaca Diez (Intermedio),9000911,6,11,27,9,49,2,0,13,3,,
1,Nicolás Suárez,1,Cobija,2773,Cobija,23,U. E. Vaca Diez (Intermedio),9000921,7,7,27,13,51,5,0,12,4,,
1,Nicolás Suárez,1,Cobija,2773,Cobija,23,U. E. Vaca Diez (Intermedio),9000931,8,0,1,1,4,1,0,2,2,,
1,Nicolás Suárez,1,Cobija,2773,Cobija,25028,U. E. Cobija,9000941,1,13,17,11,55,10,0,13,4,,
1,Nicolás Suárez,1,Cobija,2773,Cobija,25028,U. E. Cobija,9000951,2,10,23,16,48,10,0,13,3,,
1,Nicolás Suárez,1,Cobija,2773,Cobija,25028,U. E. Cobija,9000961,3,4,17,10,43,8,0,12,4,,
1,Nicolás Suárez,1,Cobija,2773,Cobija,25028,U. E. Cobija,9000971,4,7,20,10,50,4,0,10,3,,
1,Nicolás Suárez,1,Cobija,2773,Cobija,25028,U. E. Cobija,9000981,5,13,16,14,53,2,0,12,1,,
1,Nicolás Suárez,1,Cobija,2773,Cobija,25028,U. E. Cobija,9000991,6,4,25,14,42,11,0,16,5,,
1,Nicolás Suárez,1,Cobija,2773,Cobija,25028,U. E. Cobija,9001001,7,5,18,16,36,7,0,19,2,,
1,Nicolás Suárez,1,Cobija,2773,Cobija,25028,U. E. Cobija,9001011,8,8,16,20,53,2,0,13,4,,
1,Nicolás Suárez,1,Cobija,2773,Cobija,25028,U. E. Cobija,9001021,9,5,22,8,57,7,0,14,3,,
1,Nicolás Suárez,1,Cobija,2773,Cobija,25028,U. E. Cobija,9001031,10,7,20,13,46,5,0,13,4,,
1,Nicolás Suárez,1,Cobija,2773,Cobija,25028,U. E. Cobija,9001041,11,12,30,13,52,9,0,9,4,,
1,Nicolás Suárez,1,Cobija,2773,Cobija,25028,U. E. Cobija,9001051,12,9,25,8,52,7,0,6,7,,
1,Nicolás Suárez,1,Cobija,2773,Cobija,25028,U. E. Cobija,9001061,13,9,19,11,25,3,0,8,3,,
1,Nicolás Suárez,1,Cobija,2773,Cobija,25029,U. E. Mariscal Sucre,9000321,1,7,26,20,45,5,0,5,7,,
1,Nicolás Suárez,1,Cobija,2773,Cobija,25029,U. E. Mariscal Sucre,9000331,2,4,32,12,58,8,0,16,6,,
1,Nicolás Suárez,1,Cobija,2773,Cobija,25029,U. E. Mariscal Sucre,9000341,3,6,20,21,41,6,0,12,3,,
1,Nicolás Suárez,1,Cobija,2773,Cobija,25029,U. E. Mariscal Sucre,9000351,4,8,19,10,66,6,0,9,7,,
1,Nicolás Suárez,1,Cobija,2773,Cobija,25029,U. E. Mariscal Sucre,9000361,5,8,31,24,36,7,0,13,4,,
1,Nicolás Suárez,1,Cobija,2773,Cobija,25029,U. E. Mariscal Sucre,9000371,6,8,30,16,44,5,0,18,3,,
1,Nicolás Suárez,1,Cobija,2773,Cobija,25029,U. E. Mariscal Sucre,9000381,7,8,28,14,43,3,0,11,6,,
1,Nicolás Suárez,1,Cobija,2773,Cobija,25029,U. E. Mariscal Sucre,9000391,8,4,20,18,56,9,0,15,4,,
1,Nicolás Suárez,1,Cobija,2773,Cobija,25029,U. E. Mariscal Sucre,9000401,9,6,29,21,41,7,0,16,9,,
1,Nicolás Suárez,1,Cobija,2773,Cobija,25029,U. E. Mariscal Sucre,9000411,10,16,24,14,54,5,0,21,0,,
1,Nicolás Suárez,1,Cobija,2773,Cobija,25029,U. E. Mariscal Sucre,9000421,11,7,30,12,43,10,0,16,1,,
1,Nicolás Suárez,1,Cobija,2773,Cobija,25029,U. E. Mariscal Sucre,9000431,12,7,16,13,27,3,0,10,6,,
1,Nicolás Suárez,1,Cobija,2773,Cobija,25031,U. E. Rogelia Menacho De Balcazar,9000441,1,17,22,12,53,10,0,11,2,,
1,Nicolás Suárez,1,Cobija,2773,Cobija,25031,U. E. Rogelia Menacho De Balcazar,9000451,2,4,21,11,61,8,0,16,5,,
1,Nicolás Suárez,1,Cobija,2773,Cobija,25031,U. E. Rogelia Menacho De Balcazar,9000461,3,7,22,5,48,9,0,16,1,,
1,Nicolás Suárez,1,Cobija,2773,Cobija,25031,U. E. Rogelia Menacho De Balcazar,9000471,4,9,26,11,47,6,0,19,2,,
1,Nicolás Suárez,1,Cobija,2773,Cobija,25031,U. E. Rogelia Menacho De Balcazar,9000481,5,4,21,15,54,10,0,12,8,,
1,Nicolás Suárez,1,Cobija,2773,Cobija,25031,U. E. Rogelia Menacho De Balcazar,9000491,6,11,36,8,43,11,0,12,5,,
1,Nicolás Suárez,1,Cobija,2773,Cobija,25031,U. E. Rogelia Menacho De Balcazar,9000501,7,12,25,10,53,6,0,11,5,,
1,Nicolás Suárez,1,Cobija,2773,Cobija,25031,U. E. Rogelia Menacho De Balcazar,9000511,8,7,26,9,40,5,0,8,4,,
1,Nicolás Suárez,1,Cobija,2773,Cobija,25032,U. E. José Manuel Pando,9000521,1,13,18,16,57,4,0,19,6,,
1,Nicolás Suárez,1,Cobija,2773,Cobija,25032,U. E. José Manuel Pando,9000531,2,11,21,11,43,11,0,16,3,,
1,Nicolás Suárez,1,Cobija,2773,Cobija,25032,U. E. José Manuel Pando,9000541,3,6,19,18,37,7,0,15,4,,
1,Nicolás Suárez,1,Cobija,2773,Cobija,25032,U. E. José Manuel Pando,9000551,4,6,22,10,57,7,0,14,6,,
1,Nicolás Suárez,1,Cobija,2773,Cobija,25032,U. E. José Manuel Pando,9000561,5,11,14,10,45,8,0,17,8,,
1,Nicolás Suárez,1,Cobija,2773,Cobija,25032,U. E. José Manuel Pando,9000571,6,6,24,11,38,4,0,9,5,,
1,Nicolás Suárez,1,Cobija,2773,Cobija,25032,U. E. José Manuel Pando,9000581,7,8,24,13,43,3,0,13,6,,
1,Nicolás Suárez,1,Cobija,2773,Cobija,25032,U. E. José Manuel Pando,9000591,8,12,24,11,53,4,0,17,8,,
1,Nicolás Suárez,1,Cobija,2773,Cobija,25032,U. E. José Manuel Pando,9000601,9,6,26,9,55,9,0,10,11,,
1,Nicolás Suárez,1,Cobija,2773,Cobija,25032,U. E. José Manuel Pando,9000611,10,7,27,8,53,12,0,18,4,,
1,Nicolás Suárez,1,Cobija,2773,Cobija,25032,U. E. José Manuel Pando,9000621,11,14,16,4,55,8,0,10,3,,
1,Nicolás Suárez,1,Cobija,2773,Cobija,25032,U. E. José Manuel Pando,9000631,12,4,16,12,37,5,0,9,10,,
1,Nicolás Suárez,1,Cobija,2773,Cobija,25033,U. E. Sofia Calpiñeiro,9001281,1,12,18,7,83,4,0,15,7,,
1,Nicolás Suárez,1,Cobija,2773,Cobija,25033,U. E. Sofia Calpiñeiro,9001291,2,12,28,8,69,1,0,17,4,,
1,Nicolás Suárez,1,Cobija,2773,Cobija,25033,U. E. Sofia Calpiñeiro,9001301,3,11,25,6,71,5,0,8,3,,
1,Nicolás Suárez,1,Cobija,2773,Cobija,25033,U. E. Sofia Calpiñeiro,9001311,4,12,28,9,70,2,0,4,4,,
1,Nicolás Suárez,1,Cobija,2773,Cobija,25033,U. E. Sofia Calpiñeiro,9001321,5,7,23,8,81,4,0,13,2,,
1,Nicolás Suárez,1,Cobija,2773,Cobija,25034,U. E. Juana Azurduy De Padilla,9001071,1,7,26,11,67,7,0,11,3,,
1,Nicolás Suárez,1,Cobija,2773,Cobija,25034,U. E. Juana Azurduy De Padilla,9001081,2,12,31,5,54,13,0,13,7,,
1,Nicolás Suárez,1,Cobija,2773,Cobija,25034,U. E. Juana Azurduy De Padilla,9001091,3,8,19,12,55,5,0,11,3,,
1,Nicolás Suárez,1,Cobija,2773,Cobija,25035,U.E. Defensores Del Acre,9000641,1,8,24,12,49,5,0,17,7,,
1,Nicolás Suárez,1,Cobija,2773,Cobija,25035,U.E. Defensores Del Acre,9000651,2,6,25,11,45,7,0,18,6,,
1,Nicolás Suárez,1,Cobija,2773,Cobija,25035,U.E. Defensores Del Acre,9000661,3,11,19,10,39,5,0,22,6,,
1,Nicolás Suárez,1,Cobija,2773,Cobija,25035,U.E. Defensores Del Acre,9000671,4,11,23,6,54,8,0,15,4,,
1,Nicolás Suárez,1,Cobija,2773,Cobija,25035,U.E. Defensores Del Acre,9000681,5,5,25,6,56,8,0,8,8,,
1,Nicolás Suárez,1,Cobija,2773,Cobija,25035,U.E. Defensores Del Acre,9000691,6,10,25,8,45,8,0,11,2,,
1,Nicolás Suárez,1,Cobija,2773,Cobija,25035,U.E. Defensores Del Acre,9000701,7,14,23,8,54,4,0,7,8,,
1,Nicolás Suárez,1,Cobija,2773,Cobija,25035,U.E. Defensores Del Acre,9000711,8,13,25,7,52,12,0,10,6,,
1,Nicolás Suárez,1,Cobija,2773,Cobija,25035,U.E. Defensores Del Acre,9000721,9,9,33,5,64,4,0,13,5,,
1,Nicolás Suárez,1,Cobija,2773,Cobija,25035,U.E. Defensores Del Acre,9000731,10,8,33,2,63,7,0,14,6,,
1,Nicolás Suárez,1,Cobija,2773,Cobija,25035,U.E. Defensores Del Acre,9000741,11,15,30,5,53,9,0,8,5,,
1,Nicolás Suárez,1,Cobija,2773,Cobija,25036,U. E. Vaca Diez (Medio),9001111,1,15,30,10,61,7,0,11,3,,
1,Nicolás Suárez,1,Cobija,2773,Cobija,25036,U. E. Vaca Diez (Medio),9001121,2,11,25,5,50,7,0,14,8,,
1,Nicolás Suárez,1,Cobija,2773,Cobija,25036,U. E. Vaca Diez (Medio),9001131,3,9,33,8,41,11,0,14,7,,
1,Nicolás Suárez,1,Cobija,2773,Cobija,25036,U. E. Vaca Diez (Medio),9001141,4,9,25,3,60,8,0,12,10,,
1,Nicolás Suárez,1,Cobija,2773,Cobija,25036,U. E. Vaca Diez (Medio),9001151,5,8,27,6,62,3,0,17,2,,
1,Nicolás Suárez,1,Cobija,2773,Cobija,25036,U. E. Vaca Diez (Medio),9001161,6,10,27,3,56,3,0,9,5,,
1,Nicolás Suárez,1,Cobija,2773,Cobija,25037,Kínder Víctor León Arueta,9001101,1,15,21,4,67,13,0,8,6,,
1,Nicolás Suárez,1,Cobija,2773,Cobija,25040,U. E. Manuela Rojas,9001371,1,9,30,7,62,6,0,17,7,,
1,Nicolás Suárez,1,Cobija,2773,Cobija,25040,U. E. Manuela Rojas,9001381,2,5,26,7,57,6,0,13,18,,
1,Nicolás Suárez,1,Cobija,2773,Cobija,25040,U. E. Manuela Rojas,9001391,3,4,30,9,54,9,0,8,12,,
1,Nicolás Suárez,1,Cobija,2773,Cobija,25040,U. E. Manuela Rojas,9001401,4,8,28,11,56,3,0,18,6,,
1,Nicolás Suárez,1,Cobija,2773,Cobija,25040,U. E. Manuela Rojas,9001411,5,9,34,7,64,13,0,8,8,,
1,Nicolás Suárez,1,Cobija,2773,Cobija,25040,U. E. Manuela Rojas,9001421,6,3,19,9,55,2,0,14,12,,
1,Nicolás Suárez,1,Cobija,2773,Cobija,25040,U. E. Manuela Rojas,9001431,7,9,20,8,66,7,0,9,9,,
1,Nicolás Suárez,1,Cobija,2773,Cobija,25040,U. E. Manuela Rojas,9001441,8,4,15,19,53,5,0,14,8,,
1,Nicolás Suárez,1,Cobija,2773,Cobija,25040,U. E. Manuela Rojas,9001451,9,4,20,5,58,6,0,11,15,,
1,Nicolás Suárez,1,Cobija,2773,Cobija,25040,U. E. Manuela Rojas,9001461,10,9,29,5,61,11,0,7,11,,
1,Nicolás Suárez,1,Cobija,2773,Cobija,25040,U. E. Manuela Rojas,9001471,11,12,23,4,56,6,0,15,10,,
1,Nicolás Suárez,1,Cobija,2773,Cobija,25040,U. E. Manuela Rojas,9001481,12,8,31,8,46,7,0,10,19,,
1,Nicolás Suárez,1,Cobija,2773,Cobija,25040,U. E. Manuela Rojas,9001491,13,14,32,6,48,8,0,15,6,,
1,Nicolás Suárez,1,Cobija,2773,Cobija,25040,U. E. Manuela Rojas,9001501,14,14,32,2,62,7,0,10,14,,
1,Nicolás Suárez,1,Cobija,2773,Cobija,25040,U. E. Manuela Rojas,9001511,15,6,30,5,64,4,0,16,15,,
1,Nicolás Suárez,1,Cobija,2773,Cobija,25040,U. E. Manuela Rojas,9001521,16,3,21,3,37,4,0,3,5,,
1,Nicolás Suárez,1,Cobija,2773,Cobija,25041,U. E. Simon Bolivar,9001531,1,6,26,17,56,8,0,12,1,,
1,Nicolás Suárez,1,Cobija,2773,Cobija,25041,U. E. Simon Bolivar,9001541,2,7,28,14,40,9,0,15,7,,
1,Nicolás Suárez,1,Cobija,2773,Cobija,25041,U. E. Simon Bolivar,9001551,3,5,27,11,51,2,0,13,6,,
1,Nicolás Suárez,1,Cobija,2773,Cobija,25041,U. E. Simon Bolivar,9001561,4,6,29,13,41,5,0,11,5,,
1,Nicolás Suárez,1,Cobija,2773,Cobija,25041,U. E. Simon Bolivar,9001571,5,14,26,10,59,6,0,7,3,,
1,Nicolás Suárez,1,Cobija,2773,Cobija,25041,U. E. Simon Bolivar,9001581,6,9,23,12,52,4,0,17,2,,
1,Nicolás Suárez,1,Cobija,2773,Cobija,25041,U. E. Simon Bolivar,9001591,7,12,34,8,41,11,0,18,1,,
1,Nicolás Suárez,1,Cobija,2773,Cobija,25041,U. E. Simon Bolivar,9001601,8,5,32,8,55,8,0,15,2,,
1,Nicolás Suárez,1,Cobija,2773,Cobija,25041,U. E. Simon Bolivar,9001611,9,10,21,7,66,5,0,20,5,,
1,Nicolás Suárez,1,Cobija,2773,Cobija,25041,U. E. Simon Bolivar,9001621,10,12,26,6,39,7,0,16,8,,
1,Nicolás Suárez,1,Cobija,2773,Cobija,25041,U. E. Simon Bolivar,9001631,11,7,31,9,40,9,0,7,6,,
1,Nicolás Suárez,1,Cobija,2773,Cobija,25041,U. E. Simon Bolivar,9001641,12,6,22,8,45,8,0,16,4,,
1,Nicolás Suárez,1,Cobija,2773,Cobija,25041,U. E. Simon Bolivar,9001651,13,13,23,7,65,2,0,12,4,,
1,Nicolás Suárez,1,Cobija,2773,Cobija,25041,U. E. Simon Bolivar,9001661,14,3,18,8,35,6,0,7,8,,
1,Nicolás Suárez,1,Cobija,2773,Cobija,25042,U.E. Villa Cruz,9001171,1,14,29,5,59,10,0,12,6,,
1,Nicolás Suárez,1,Cobija,2773,Cobija,25042,U.E. Villa Cruz,9001181,2,12,24,9,73,6,0,25,4,,
1,Nicolás Suárez,1,Cobija,2773,Cobija,25938,U.E. Héroes de la Distancia,9001331,1,9,21,5,73,3,0,11,7,,
1,Nicolás Suárez,1,Cobija,2773,Cobija,25938,U.E. Héroes de la Distancia,9001341,2,0,17,3,78,0,0,13,7,,
1,Nicolás Suárez,1,Cobija,2773,Cobija,25938,U.E. Héroes de la Distancia,9001351,3,13,28,4,83,2,0,10,2,,
1,Nicolás Suárez,1,Cobija,2773,Cobija,25938,U.E. Héroes de la Distancia,9001361,4,0,4,2,28,2,0,3,3,,
1,Nicolás Suárez,1,Cobija,2773,Cobija,26074,U. E. Abaroa,9000191,1,5,39,12,52,2,0,10,8,,
1,Nicolás Suárez,1,Cobija,2773,Cobija,26074,U. E. Abaroa,9000201,2,2,22,2,45,6,0,7,1,,
1,Nicolás Suárez,1,Cobija,2773,Cobija,26076,U. E. Juan Evo Morales Ayma,9000751,1,15,36,5,33,10,0,12,4,,
1,Nicolás Suárez,1,Cobija,2773,Cobija,26076,U. E. Juan Evo Morales Ayma,9000761,2,8,34,7,42,4,0,12,3,,
1,Nicolás Suárez,1,Cobija,2773,Cobija,26077,U. E. Marcelo Quiroga Santa Cruz,9001671,1,5,30,8,56,5,0,15,4,,
1,Nicolás Suárez,1,Cobija,2773,Cobija,26077,U. E. Marcelo Quiroga Santa Cruz,9001681,2,4,11,4,25,2,0,6,1,,
1,Nicolás Suárez,1,Cobija,2773,Cobija,26078,U. E. Alfredo Ovando Candia,9001691,1,7,23,6,24,4,0,9,1,,
1,Nicolás Suárez,1,Cobija,2773,Cobija,26078,U. E. Alfredo Ovando Candia,9001701,2,4,20,7,18,3,0,7,6,,
1,Nicolás Suárez,1,Cobija,2773,Cobija,26078,U. E. Alfredo Ovando Candia,9001711,3,4,10,6,18,3,0,6,4,,
1,Nicolás Suárez,1,Cobija,2773,Cobija,32002,INCOS Pando,9001191,1,10,20,11,73,8,0,9,9,,
1,Nicolás Suárez,1,Cobija,2773,Cobija,32002,INCOS Pando,9001201,2,9,18,13,53,20,0,15,9,,
1,Nicolás Suárez,1,Cobija,2773,Cobija,32002,INCOS Pando,9001211,3,13,21,6,61,6,0,18,4,,
1,Nicolás Suárez,1,Cobija,2773,Cobija,32002,INCOS Pando,9001221,4,16,32,8,63,7,0,13,7,,
1,Nicolás Suárez,1,Cobija,2773,Cobija,32002,INCOS Pando,9001231,5,5,33,7,52,3,0,14,7,,
1,Nicolás Suárez,1,Cobija,2773,Cobija,32002,INCOS Pando,9001241,6,10,23,8,58,12,0,13,12,,
1,Nicolás Suárez,1,Cobija,2773,Cobija,32002,INCOS Pando,9001251,7,9,26,14,77,5,0,14,5,,
1,Nicolás Suárez,1,Cobija,2773,Cobija,32002,INCOS Pando,9001261,8,10,28,4,71,4,0,19,8,,
1,Nicolás Suárez,1,Cobija,2773,Cobija,32002,INCOS Pando,9001271,9,3,9,3,18,2,0,2,0,,
1,Nicolás Suárez,1,Cobija,2773,Cobija,32492,U.E. El Castañal,9001721,1,7,38,20,68,8,0,8,3,,
1,Nicolás Suárez,1,Cobija,2773,Cobija,32492,U.E. El Castañal,9001731,2,0,4,5,10,1,0,1,4,,
1,Nicolás Suárez,1,Cobija,4277,Mejillones,25963,U.E. Mejillones,9000171,1,6,65,6,36,8,0,13,8,,
1,Nicolás Suárez,1,Cobija,4278,Villa Rosario,25964,U. E. María Barzola,9000181,1,4,22,9,80,1,0,6,2,,
1,Nicolás Suárez,2,Porvenir,1113,Porvenir,14,U.E. Mons. Santisteban,9001741,1,30,45,6,22,9,0,,41,,
1,Nicolás Suárez,2,Porvenir,1113,Porvenir,14,U.E. Mons. Santisteban,9001751,2,45,40,11,18,2,0,,38,,
1,Nicolás Suárez,2,Porvenir,1113,Porvenir,14,U.E. Mons. Santisteban,9001761,3,45,28,14,31,2,0,,46,,
1,Nicolás Suárez,2,Porvenir,1113,Porvenir,14,U.E. Mons. Santisteban,9001771,4,42,28,8,28,6,0,,43,,
1,Nicolás Suárez,2,Porvenir,1113,Porvenir,14,U.E. Mons. Santisteban,9001781,5,44,32,5,30,4,0,,49,,
1,Nicolás Suárez,2,Porvenir,1113,Porvenir,14,U.E. Mons. Santisteban,9001791,6,45,34,8,13,5,0,,46,,
1,Nicolás Suárez,2,Porvenir,1113,Porvenir,14,U.E. Mons. Santisteban,9001801,7,32,40,5,17,8,0,,27,,
1,Nicolás Suárez,2,Porvenir,1113,Porvenir,15,U.E. Bruno Racua,9001811,1,38,42,6,27,6,0,,38,,
1,Nicolás Suárez,2,Porvenir,1113,Porvenir,15,U.E. Bruno Racua,9001821,2,50,43,15,18,6,0,,42,,
1,Nicolás Suárez,2,Porvenir,1113,Porvenir,15,U.E. Bruno Racua,9001831,3,35,40,14,24,2,0,,50,,
1,Nicolás Suárez,2,Porvenir,1113,Porvenir,15,U.E. Bruno Racua,9001841,4,49,35,9,19,6,0,,41,,
1,Nicolás Suárez,2,Porvenir,1113,Porvenir,15,U.E. Bruno Racua,9001851,5,31,30,15,21,2,0,,51,,
1,Nicolás Suárez,2,Porvenir,1113,Porvenir,15,U.E. Bruno Racua,9001861,6,30,32,13,17,6,0,,45,,
1,Nicolás Suárez,2,Porvenir,1115,Villa Bella (km 6),15,U.E. Villa Bella,9001871,1,24,47,5,66,1,0,,18,,
1,Nicolás Suárez,2,Porvenir,1115,Villa Bella (km 6),15,U.E. Villa Bella,9001881,2,21,36,7,50,2,0,,15,,
1,Nicolás Suárez,2,Porvenir,1115,Villa Bella (km 6),15,U.E. Villa Bella,9001891,3,32,35,8,58,3,0,,23,,
1,Nicolás Suárez,2,Porvenir,1115,Villa Bella (km 6),15,U.E. Villa Bella,9001901,4,29,46,8,39,3,0,,22,,
1,Nicolás Suárez,2,Porvenir,2798,Campoana,16,U.E.  Gutembert Cruz,9001911,1,29,59,4,34,1,0,,9,,
1,Nicolás Suárez,2,Porvenir,2798,Campoana,16,U.E.  Gutembert Cruz,9001921,2,18,24,0,17,2,0,,6,,
1,Nicolás Suárez,2,Porvenir,4276,Trinchera,25962,U. E. Maranguapi,9001931,1,16,9,2,8,0,0,,5,,
1,Nicolás Suárez,2,Porvenir,4446,Comunidad Campesina  5 de Agosto,26366,U.E. 23 de Marzo,9001941,1,17,9,1,7,1,0,,34,,
1,Nicolás Suárez,3,Bolpebra,1116,San Pedro de Bolpebra,19,U.E. De Bolpebra,9002011,1,4,18,8,32,,0,,,,
1,Nicolás Suárez,3,Bolpebra,1118,Nareuda,20,U.E.  Genoveva Rios,9002041,1,11,47,1,84,,0,,,,
1,Nicolás Suárez,3,Bolpebra,1118,Nareuda,20,U.E.  Genoveva Rios,9002051,2,7,13,1,16,,0,,,,
1,Nicolás Suárez,3,Bolpebra,1119,Mukden,19,U.E. De Mukden,9002021,1,4,36,2,111,,0,,,,
1,Nicolás Suárez,3,Bolpebra,1119,Mukden,19,U.E. De Mukden,9002031,2,3,31,3,73,,0,,,,
1,Nicolás Suárez,3,Bolpebra,3260,Bioceánica,1,U.E. Bioceanica,9001951,1,0,20,5,32,,0,,,,
1,Nicolás Suárez,3,Bolpebra,3261,3 Arroyos,1,U.E. Tres Estrellas,9001961,1,1,26,0,36,,0,,,,
1,Nicolás Suárez,3,Bolpebra,3407,Litoral,1,U.E.  Santa Lucia,9001971,1,4,25,11,50,,0,,,,
1,Nicolás Suárez,3,Bolpebra,3526,Yaminahua,1,U.E. De Yaminahua,9001981,1,0,1,22,19,,0,,,,
1,Nicolás Suárez,3,Bolpebra,3869,San Miguel de Machineri,1,U.E. San Miguel,9001991,1,2,3,4,12,,0,,,,
1,Nicolás Suárez,3,Bolpebra,3872,Nueva Canaán,1,U.E. Nueva Canaán,9002001,1,20,16,2,47,,0,,,,
1,Nicolás Suárez,3,Bolpebra,4264,Vera Cruz,25950,U. E. Vera Cruz,9002061,1,3,60,4,39,,0,,,,
1,Nicolás Suárez,3,Bolpebra,4447,Comunidad Campesina Turística Ecológica  Arca de Noé,26367,U.E. Arca de Noé,9002071,1,3,40,2,37,,0,,,,
1,Nicolás Suárez,4,Bella Flor,1125,Villa el Carmen,23,U.E. Buena Vista,9002161,1,8,30,33,30,0,0,0,,,
1,Nicolás Suárez,4,Bella Flor,1126,Karamanu Km 35,25,U.E.  Km. 35 de Karamanu,9002181,1,7,40,46,26,3,0,10,,,
1,Nicolás Suárez,4,Bella Flor,1126,Karamanu Km 35,25,U.E.  Km. 35 de Karamanu,9002191,2,0,27,41,11,0,0,5,,,
1,Nicolás Suárez,4,Bella Flor,1127,San Antonio Km 60,24,U.E.  Km. 60 de San Antonio,9002171,1,9,10,51,53,0,0,0,,,
1,Nicolás Suárez,4,Bella Flor,1129,Mapajo (Samahuma),26,U.E. Mapajo,9002201,1,4,19,5,14,0,0,1,,,
1,Nicolás Suárez,4,Bella Flor,3262,Santa Lucía,1,U.E.  Hugo Antequera,9002081,1,11,21,60,56,4,0,1,,,
1,Nicolás Suárez,4,Bella Flor,3262,Santa Lucía,1,U.E.  Hugo Antequera,9002091,2,12,21,50,64,3,0,0,,,
1,Nicolás Suárez,4,Bella Flor,3262,Santa Lucía,1,U.E.  Hugo Antequera,9002101,3,4,14,28,20,0,0,1,,,
1,Nicolás Suárez,4,Bella Flor,3386,Montevideo,1,U.E. Jorge Benito Vera,9002111,1,27,34,6,26,10,0,3,,,
1,Nicolás Suárez,4,Bella Flor,3386,Montevideo,1,U.E. Jorge Benito Vera,9002121,2,21,25,4,25,2,0,1,,,
1,Nicolás Suárez,4,Bella Flor,3527,Florida (TCO),1,U.E. De Florida,9002131,1,1,3,1,3,0,0,1,,,
1,Nicolás Suárez,4,Bella Flor,3874,San Pedro,1,U.E. Simon Bolívar,9002141,1,2,33,38,28,1,0,0,,,
1,Nicolás Suárez,4,Bella Flor,3890,Santa Lourdes,1,U.E. Santa Lourdes,9002151,1,10,30,38,30,1,0,2,,,
1,Nicolás Suárez,4,Bella Flor,4367,Castañera Campoana,26079,U. E. 24 de Septiembre,9002211,1,44,4,41,5,0,0,0,,,
1,Nicolás Suárez,4,Bella Flor,4663,Comunidad Campesina El Fortín,32490,U.E. Fortín,9002221,1,4,13,21,9,1,0,6,,,
2,Manuripi,1,Puerto Rico,1130,Puerto Rico,27,U.E. La Salle Pedro Villa Lobos,9002274,1,29,8,13,32,,0,28,24,,
2,Manuripi,1,Puerto Rico,1130,Puerto Rico,27,U.E. La Salle Pedro Villa Lobos,9002284,2,32,11,17,25,,0,23,30,,
2,Manuripi,1,Puerto Rico,1130,Puerto Rico,27,U.E. La Salle Pedro Villa Lobos,9002294,3,30,11,10,28,,0,14,27,,
2,Manuripi,1,Puerto Rico,1130,Puerto Rico,27,U.E. La Salle Pedro Villa Lobos,9002304,4,31,10,12,38,,0,6,34,,
2,Manuripi,1,Puerto Rico,1130,Puerto Rico,27,U.E. La Salle Pedro Villa Lobos,9002314,5,21,11,11,36,,0,16,29,,
2,Manuripi,1,Puerto Rico,1130,Puerto Rico,27,U.E. La Salle Pedro Villa Lobos,9002324,6,24,3,12,37,,0,12,24,,
2,Manuripi,1,Puerto Rico,1130,Puerto Rico,27,U.E. La Salle Pedro Villa Lobos,9002334,7,28,8,14,35,,0,5,35,,
2,Manuripi,1,Puerto Rico,1130,Puerto Rico,27,U.E. La Salle Pedro Villa Lobos,9002344,8,16,14,14,38,,0,18,17,,
2,Manuripi,1,Puerto Rico,1130,Puerto Rico,27,U.E. La Salle Pedro Villa Lobos,9002354,9,21,16,21,35,,0,13,32,,
2,Manuripi,1,Puerto Rico,1130,Puerto Rico,27,U.E. La Salle Pedro Villa Lobos,9002364,10,29,10,10,23,,0,3,19,,
2,Manuripi,1,Puerto Rico,1130,Puerto Rico,25572,U.E. Puerto Rico,9002434,1,15,5,7,25,,0,4,15,,
2,Manuripi,1,Puerto Rico,1130,Puerto Rico,25572,U.E. Puerto Rico,9002444,2,16,5,9,14,,0,4,20,,
2,Manuripi,1,Puerto Rico,1130,Puerto Rico,25572,U.E. Puerto Rico,9002454,3,17,1,3,14,,0,5,13,,
2,Manuripi,1,Puerto Rico,1134,Conquista,28,U.E.  German Busch,9002374,1,28,11,2,16,,0,56,18,,
2,Manuripi,1,Puerto Rico,1134,Conquista,28,U.E.  German Busch,9002384,2,26,17,1,32,,0,43,21,,
2,Manuripi,1,Puerto Rico,1134,Conquista,28,U.E.  German Busch,9002394,3,9,1,0,9,,0,4,0,,
2,Manuripi,1,Puerto Rico,1136,Batraja,29,U.E. Batraja,9002404,1,11,13,1,14,,0,22,18,,
2,Manuripi,1,Puerto Rico,1136,Batraja,29,U.E. Batraja,9002414,2,4,7,2,13,,0,21,7,,
2,Manuripi,1,Puerto Rico,2753,Manchester,40,U.E. Manchester,9002424,1,7,4,4,18,,0,1,8,,
2,Manuripi,1,Puerto Rico,3066,Palestina (Rio Orthon),1,U.E. De Palestina,9002234,1,21,3,0,5,,0,16,20,,
2,Manuripi,1,Puerto Rico,3256,San Antonio del Maty,1,U.E.  San Antonio,9002244,1,3,11,0,7,,0,33,17,,
2,Manuripi,1,Puerto Rico,3399,Puerto Madre de Dios,1,U.E.  Silverio Rojas Gonzales,9002254,1,32,6,1,3,,0,8,15,,
2,Manuripi,1,Puerto Rico,3528,Mandarino,1,U.E.  Los Mandarinos,9002264,1,6,3,7,7,,0,7,14,,
2,Manuripi,1,Puerto Rico,4273,Abaroa Km. 10,25959,U. E. Carmelo Mojica,9002464,1,2,3,2,4,,0,3,18,,
2,Manuripi,2,San Pedro,1140,Loma Velarde,34,U.E.  12 de Abril,9002504,1,41,22,43,27,,0,,,,
2,Manuripi,2,San Pedro,1140,Loma Velarde,34,U.E.  12 de Abril,9002514,2,42,6,12,25,,0,,,,
2,Manuripi,2,San Pedro,3401,3 Estrellas (TCO),1,U.E.  Jorge Haensel,9002474,1,21,44,26,43,,0,,,,
2,Manuripi,2,San Pedro,3401,3 Estrellas (TCO),1,U.E.  Jorge Haensel,9002484,2,19,39,6,19,,0,,,,
2,Manuripi,2,San Pedro,3879,Fortaleza,1,U.E. Fortaleza,9002494,1,13,102,16,12,,0,,,,
2,Manuripi,3,Filadelfia,1143,Filadelfia,36,U.E. Filadelfia,9002634,1,12,59,3,26,4,0,20,16,6,17
2,Manuripi,3,Filadelfia,1143,Filadelfia,36,U.E. Filadelfia,9002644,2,5,70,1,20,7,0,21,9,1,13
2,Manuripi,3,Filadelfia,1143,Filadelfia,36,U.E. Filadelfia,9002654,3,6,71,6,12,2,0,20,18,0,17
2,Manuripi,3,Filadelfia,1143,Filadelfia,36,U.E. Filadelfia,9002664,4,0,12,0,2,0,0,2,1,0,0
2,Manuripi,3,Filadelfia,1145,Villa Bella (Purisima),37,U.E. Villa Bella,9002674,1,12,13,3,26,4,0,48,6,0,26
2,Manuripi,3,Filadelfia,1145,Villa Bella (Purisima),37,U.E. Villa Bella,9002684,2,3,2,2,7,0,0,6,1,0,3
2,Manuripi,3,Filadelfia,1146,Empresiña,38,U.E. Nueva Empresa,9002694,1,6,38,8,50,1,0,24,3,0,3
2,Manuripi,3,Filadelfia,1146,Empresiña,38,U.E. Nueva Empresa,9002704,2,4,22,6,46,16,0,0,2,0,2
2,Manuripi,3,Filadelfia,1147,Buyuyo,39,U.E. Buyuyo,9002714,1,8,44,1,90,1,0,4,2,0,2
2,Manuripi,3,Filadelfia,1147,Buyuyo,39,U.E. Buyuyo,9002724,2,0,7,1,10,1,0,1,0,0,0
2,Manuripi,3,Filadelfia,1149,Chive,41,U.E. Chive,9002734,1,3,44,1,46,2,0,8,2,2,24
2,Manuripi,3,Filadelfia,1149,Chive,41,U.E. Chive,9002744,2,4,53,2,29,5,0,2,2,0,16
2,Manuripi,3,Filadelfia,1151,Curichon,42,U.E. Curichon,9002754,1,2,55,2,18,3,0,2,3,0,62
2,Manuripi,3,Filadelfia,2802,San Antonio (Chive),46,U.E. San Antonio,9002764,1,15,22,1,10,2,0,1,0,0,9
2,Manuripi,3,Filadelfia,2897,Luz de America,80,U.E. Luz De America,9002774,1,0,68,5,20,4,0,0,13,0,20
2,Manuripi,3,Filadelfia,3257,Alta Gracia,1,U.E. Alta Gracia,9002524,1,0,59,2,2,0,0,2,0,0,4
2,Manuripi,3,Filadelfia,3298,Holanda,1,U.E. De Holanda,9002534,1,6,89,2,31,5,0,11,6,1,9
2,Manuripi,3,Filadelfia,3298,Holanda,1,U.E. De Holanda,9002544,2,5,76,4,44,5,0,2,3,0,3
2,Manuripi,3,Filadelfia,3299,Soberania,1,U.E.  Juancito Pinto,9002554,1,61,34,3,17,2,0,1,0,0,30
2,Manuripi,3,Filadelfia,3299,Soberania,1,U.E.  Juancito Pinto,9002564,2,69,43,1,14,4,0,0,1,0,19
2,Manuripi,3,Filadelfia,3402,La Cruz,1,U.E. De La Cruz,9002574,1,0,4,3,2,1,0,2,5,0,4
2,Manuripi,3,Filadelfia,3529,Florida (Chive),1,U.E.  Florida,9002584,1,1,39,1,75,0,0,0,3,0,1
2,Manuripi,3,Filadelfia,3758,Nueva Alianza,1,U.E. Nueva Alianza,9002594,1,4,38,3,46,14,0,6,1,3,37
2,Manuripi,3,Filadelfia,3758,Nueva Alianza,1,U.E. Nueva Alianza,9002604,2,1,32,2,19,8,0,2,3,1,19
2,Manuripi,3,Filadelfia,3880,Villa Primero de Mayo,1,U.E. Villa America,9002614,1,3,57,1,7,1,0,3,2,0,0
2,Manuripi,3,Filadelfia,3909,Ucia,1,U.E. Ucia,9002624,1,24,15,3,7,2,0,3,2,0,20
2,Manuripi,3,Filadelfia,4269,Puerto Sucre,25955,U. E. Puerto Sucre,9002784,1,28,67,2,11,7,0,7,1,1,3
2,Manuripi,3,Filadelfia,4269,Puerto Sucre,25955,U. E. Puerto Sucre,9002794,2,6,27,1,1,0,0,4,0,0,2
2,Manuripi,3,Filadelfia,4270,11 de Septiembre,25956,U. E. Arnoldo Gonzales,9002804,1,1,30,0,36,6,0,8,2,0,28
2,Manuripi,3,Filadelfia,4271,18 de Noviembre,25957,U. E. Bernardino Racua,9002814,1,15,51,3,10,2,0,5,1,0,9
3,Madre de Dios,1,Puerto Gonzalo Moreno,1155,Gonzalo Moreno,47,U.E. Luz En El Camino,9002831,1,28,28,3,32,,0,64,,,
3,Madre de Dios,1,Puerto Gonzalo Moreno,1155,Gonzalo Moreno,47,U.E. Luz En El Camino,9002841,2,23,24,8,30,,0,65,,,
3,Madre de Dios,1,Puerto Gonzalo Moreno,1155,Gonzalo Moreno,47,U.E. Luz En El Camino,9002851,3,26,54,9,19,,0,42,,,
3,Madre de Dios,1,Puerto Gonzalo Moreno,1155,Gonzalo Moreno,47,U.E. Luz En El Camino,9002861,4,21,64,7,16,,0,46,,,
3,Madre de Dios,1,Puerto Gonzalo Moreno,1155,Gonzalo Moreno,47,U.E. Luz En El Camino,9002871,5,14,40,9,41,,0,45,,,
3,Madre de Dios,1,Puerto Gonzalo Moreno,1157,Portachuelo Centro,51,U.E.  Portachuelo Dios Es Amor,9002941,1,2,110,2,1,,0,7,,,
3,Madre de Dios,1,Puerto Gonzalo Moreno,1157,Portachuelo Centro,51,U.E.  Portachuelo Dios Es Amor,9002951,2,0,27,0,0,,0,2,,,
3,Madre de Dios,1,Puerto Gonzalo Moreno,1157,Portachuelo Centro,26075,Sede Portachuelo Medio (Tacana),9002961,1,6,72,0,10,,0,30,,,
3,Madre de Dios,1,Puerto Gonzalo Moreno,1159,Agua Dulce,49,U.E. Agua Dulce,9002911,1,9,76,3,42,,0,14,,,
3,Madre de Dios,1,Puerto Gonzalo Moreno,1160,Las Piedras,48,U.E. Pedro Herrera,9002881,1,59,37,1,49,,0,12,,,
3,Madre de Dios,1,Puerto Gonzalo Moreno,1160,Las Piedras,48,U.E. Pedro Herrera,9002891,2,46,26,3,55,,0,9,,,
3,Madre de Dios,1,Puerto Gonzalo Moreno,1160,Las Piedras,48,U.E. Pedro Herrera,9002901,3,61,30,3,49,,0,8,,,
3,Madre de Dios,1,Puerto Gonzalo Moreno,1161,Miraflores,50,U.E. Miraflores,9002921,1,33,54,1,15,,0,8,,,
3,Madre de Dios,1,Puerto Gonzalo Moreno,1161,Miraflores,50,U.E. Miraflores,9002931,2,9,16,1,2,,0,4,,,
3,Madre de Dios,1,Puerto Gonzalo Moreno,3881,Contravaricia,1,U.E. 2 de Agosto,9002821,1,9,90,0,42,,0,8,,,
3,Madre de Dios,2,San Lorenzo,1142,Loreto,35,U.E.  6 de Junio,9003051,1,12,26,,7,0,0,,,,
3,Madre de Dios,2,San Lorenzo,1164,Palestina (M.de Dios),55,U.E.  Genoveva Rios,9003131,1,2,32,,24,0,0,,,,
3,Madre de Dios,2,San Lorenzo,1166,Trinidacito,54,U.E. Gregoria Destre Maturana,9003111,1,35,76,,13,0,0,,,,
3,Madre de Dios,2,San Lorenzo,1166,Trinidacito,54,U.E. Gregoria Destre Maturana,9003121,2,5,5,,2,0,0,,,,
3,Madre de Dios,2,San Lorenzo,1172,Blanca Flor,52,U.E.  24 de Septiembre,9003061,1,42,39,,71,0,0,,,,
3,Madre de Dios,2,San Lorenzo,1172,Blanca Flor,52,U.E.  24 de Septiembre,9003071,2,46,38,,72,0,0,,,,
3,Madre de Dios,2,San Lorenzo,1172,Blanca Flor,52,U.E.  24 de Septiembre,9003081,3,45,20,,74,0,0,,,,
3,Madre de Dios,2,San Lorenzo,1172,Blanca Flor,52,U.E.  24 de Septiembre,9003091,4,77,31,,59,0,0,,,,
3,Madre de Dios,2,San Lorenzo,1172,Blanca Flor,52,U.E.  24 de Septiembre,9003101,5,5,6,,9,0,0,,,,
3,Madre de Dios,2,San Lorenzo,2754,Vista Alegre,56,U.E. Vista Alegre,9003141,1,23,43,,32,0,0,,,,
3,Madre de Dios,2,San Lorenzo,2754,Vista Alegre,56,U.E. Vista Alegre,9003151,2,3,12,,4,0,0,,,,
3,Madre de Dios,2,San Lorenzo,2800,Galilea,57,U.E. Galilea,9003161,1,34,102,,4,0,0,,,,
3,Madre de Dios,2,San Lorenzo,3067,Sinaí,1,U.E.  Bruno Racua,9002971,1,18,12,,8,0,0,,,,
3,Madre de Dios,2,San Lorenzo,3068,Ibéria,1,U.E. De Iberia,9002981,1,2,0,,22,0,0,,,,
3,Madre de Dios,2,San Lorenzo,3253,Naranjal,1,U.E.  Soledad,9002991,1,14,91,,57,0,0,,,,
3,Madre de Dios,2,San Lorenzo,3253,Naranjal,1,U.E.  Soledad,9003001,2,1,10,,9,0,0,,,,
3,Madre de Dios,2,San Lorenzo,3428,San Salvador,25028,Escuela Eduardo Abaroa,9003171,1,26,7,,17,0,0,,,,
3,Madre de Dios,2,San Lorenzo,3882,Samaria,1,U.E. 21 de Septiembre,9003011,1,16,28,,1,0,0,,,,
3,Madre de Dios,2,San Lorenzo,3883,Genechiquia,1,U.E. 6 de Agosto,9003021,1,49,18,,0,0,0,,,,
3,Madre de Dios,2,San Lorenzo,3884,Exaltación,1,U.E. 27 de Mayo,9003031,1,33,26,,45,0,0,,,,
3,Madre de Dios,2,San Lorenzo,3885,Nuevo Horizonte,1,U.E. Nuevo Horizonte,9003041,1,44,6,,8,0,0,,,,
3,Madre de Dios,2,San Lorenzo,4173,Charal,25573,U.E. Charal,9003181,1,14,24,,63,0,0,,,,
3,Madre de Dios,2,San Lorenzo,4251,El Retorno,25934,U.E. Simón Bolivar,9003191,1,12,8,,18,0,0,,,,
3,Madre de Dios,2,San Lorenzo,4252,Brigida,25935,U.E. Samuel Guillen,9003201,1,6,18,,15,0,0,,,,
3,Madre de Dios,2,San Lorenzo,4254,Navidad,25937,U.E. 12 de Abril,9003211,1,26,2,,25,0,0,,,,
3,Madre de Dios,2,San Lorenzo,4275,Nueva Esperanza,25961,U. E. 21 de Septiembre,9003221,1,17,9,,46,0,0,,,,
3,Madre de Dios,3,Sena,1173,El Sena,62,U.E. El Sena,9003301,1,27,9,,,,0,50,30,,
3,Madre de Dios,3,Sena,1173,El Sena,62,U.E. El Sena,9003311,2,30,9,,,,0,46,23,,
3,Madre de Dios,3,Sena,1173,El Sena,62,U.E. El Sena,9003321,3,35,10,,,,0,33,23,,
3,Madre de Dios,3,Sena,1173,El Sena,62,U.E. El Sena,9003331,4,23,13,,,,0,51,18,,
3,Madre de Dios,3,Sena,1173,El Sena,62,U.E. El Sena,9003341,5,32,14,,,,0,32,28,,
3,Madre de Dios,3,Sena,1173,El Sena,62,U.E. El Sena,9003351,6,34,13,,,,0,40,23,,
3,Madre de Dios,3,Sena,1173,El Sena,62,U.E. El Sena,9003361,7,26,14,,,,0,44,9,,
3,Madre de Dios,3,Sena,1173,El Sena,62,U.E. El Sena,9003371,8,24,14,,,,0,47,28,,
3,Madre de Dios,3,Sena,1173,El Sena,62,U.E. El Sena,9003381,9,46,9,,,,0,34,18,,
3,Madre de Dios,3,Sena,1173,El Sena,62,U.E. El Sena,9003391,10,37,19,,,,0,35,13,,
3,Madre de Dios,3,Sena,1173,El Sena,62,U.E. El Sena,9003401,11,31,12,,,,0,46,24,,
3,Madre de Dios,3,Sena,1173,El Sena,62,U.E. El Sena,9003411,12,17,7,,,,0,33,16,,
3,Madre de Dios,3,Sena,1173,El Sena,32491,U.E. Mariano Justiniano Orbe,9003531,1,9,3,,,,0,23,1,,
3,Madre de Dios,3,Sena,1176,Santa Rosa del Manupare,65,U.E. Santa Rosa,9003431,1,4,2,,,,0,38,4,,
3,Madre de Dios,3,Sena,1177,Las Mercedes,64,U.E. Las Mercedes,9003421,1,5,1,,,,0,38,2,,
3,Madre de Dios,3,Sena,1179,Palma Real,66,U.E. Palma Real,9003441,1,50,4,,,,0,62,3,,
3,Madre de Dios,3,Sena,1179,Palma Real,66,U.E. Palma Real,9003451,2,56,6,,,,0,57,3,,
3,Madre de Dios,3,Sena,1179,Palma Real,66,U.E. Palma Real,9003461,3,23,6,,,,0,60,9,,
3,Madre de Dios,3,Sena,3252,Remanzo,1,U.E. Remanso,9003231,1,13,2,,,,0,13,1,,
3,Madre de Dios,3,Sena,3300,El Turi (Carretera),2,U.E.  2 de Agosto,9003281,1,7,2,,,,0,40,12,,
3,Madre de Dios,3,Sena,3317,Pekin,2,U.E. De Pekin,9003291,1,7,1,,,,0,24,2,,
3,Madre de Dios,3,Sena,3530,El Turi (Comunidad Indígena),1,U.E. El Turi (Rio Manurape),9003241,1,3,6,,,,0,18,109,,
3,Madre de Dios,3,Sena,3530,El Turi (Comunidad Indígena),1,U.E. El Turi (Rio Manurape),9003251,2,0,0,,,,0,0,14,,
3,Madre de Dios,3,Sena,3886,San Salvador,1,U.E. San Francisco,9003261,1,2,15,,,,0,32,12,,
3,Madre de Dios,3,Sena,3891,Santa Elena,1,U.E. Santa Elena,9003271,1,17,6,,,,0,57,5,,
3,Madre de Dios,3,Sena,4014,Copacabana,25330,U.E. 4 de Agosto,9003471,1,6,7,,,,0,50,4,,
3,Madre de Dios,3,Sena,4103,Villa Cotoca,25512,U.E. 1ro. de Mayo,9003481,1,20,1,,,,0,39,2,,
3,Madre de Dios,3,Sena,4104,Brígida II,25513,U.E. Mahanain,9003491,1,1,4,,,,0,41,2,,
3,Madre de Dios,3,Sena,4105,Monte Sinai,25514,U.E. Juana Azurduy De Padilla,9003501,1,34,3,,,,0,23,32,,
3,Madre de Dios,3,Sena,4106,San Antonio,25515,U.E. San Antonio,9003541,1,8,4,,,,0,18,6,,
3,Madre de Dios,3,Sena,4274,Girado,25960,U. E. Nuestra Señora del Carmen,9003511,1,9,19,,,,0,52,24,,
3,Madre de Dios,3,Sena,4274,Girado,25960,U. E. Nuestra Señora del Carmen,9003521,2,2,6,,,,0,12,10,,
4,Abuná,1,Santa Rosa,1181,Santa Rosa del Abuna,69,U.E. Abuna,9003604,1,18,3,6,34,62,0,9,,,
4,Abuná,1,Santa Rosa,3301,1 de Mayo,1,U.E.  Zacarias Moreno,9003554,1,33,4,65,44,11,0,13,,,
4,Abuná,1,Santa Rosa,3301,1 de Mayo,1,U.E.  Zacarias Moreno,9003564,2,27,3,65,42,6,0,11,,,
4,Abuná,1,Santa Rosa,3697,Villa El Carmen,1,U.E. Augusto Gutierrez Banzer,9003574,1,38,12,58,4,2,0,1,,,
4,Abuná,1,Santa Rosa,3759,Nueva Esperanza(Urbanización Puerto Morales),1,U.E. Genoveva Ríos,9003584,1,8,11,53,24,11,0,63,,,
4,Abuná,1,Santa Rosa,3910,Mariscal Antonio José de Sucre Bernardino Racua,1,U.E. Pedro Domingo Murrillo,9003594,1,17,3,4,42,8,0,11,,,
4,Abuná,1,Santa Rosa,4253,Nacebe,25936,U.E. Benito Tirina Suarez,9003614,1,25,1,41,9,3,0,2,,,
4,Abuná,1,Santa Rosa,4443,Comunidad  Alto Bahia,26363,U.E. Walter Melgar Mejía,9003624,1,23,6,33,7,4,0,13,,,
4,Abuná,2,Ingavi,1185,Humaita,73,U.E. Humaita,9003644,1,29,29,,71,,0,,,,
4,Abuná,2,Ingavi,1185,Humaita,73,U.E. Humaita,9003654,2,37,33,,84,,0,,,,
4,Abuná,2,Ingavi,1185,Humaita,73,U.E. Humaita,9003664,3,11,8,,40,,0,,,,
4,Abuná,2,Ingavi,1186,Ingavi,74,U.E. Ingavi,9003674,1,14,25,,40,,0,,,,
4,Abuná,2,Ingavi,1187,Derrepente,75,U.E. Derrepente,9003684,1,2,3,,33,,0,,,,
4,Abuná,2,Ingavi,3531,Las Amalias,1,U.E. Las Amalias,9003634,1,0,4,,10,,0,,,,
4,Abuná,2,Ingavi,4265,Mapiri,25951,U. E. San Antonio,9003694,1,24,75,,4,,0,,,,
4,Abuná,2,Ingavi,4266,Barro Alto,25952,U. E. 10 de Marzo,9003704,1,8,3,,2,,0,,,,
4,Abuná,2,Ingavi,4662,Nuevo Milenio,32489,U.E. Nuevo Milenio,9003714,1,8,3,,6,,0,,,,
5,Federico Román,1,Nueva Esperanza,2796,Nueva Esperanza,76,U.E.  Manuel Estremadoiro Martinez,9003764,1,30,12,,59,,,31,,,
5,Federico Román,1,Nueva Esperanza,2796,Nueva Esperanza,76,U.E.  Manuel Estremadoiro Martinez,9003774,2,17,4,,32,,,27,,,
5,Federico Román,1,Nueva Esperanza,3259,Arca de Israel,1,U.E.  Monte Sinai,9003724,1,58,72,,6,,,11,,,
5,Federico Román,1,Nueva Esperanza,3302,Puerto Consuelo,1,U.E. Rufino Chao,9003734,1,4,3,,15,,,7,,,
5,Federico Román,1,Nueva Esperanza,3404,Puerto Consuelo Area 2,1,U.E. Gral. Federico Román,9003744,1,3,13,,29,,,22,,,
5,Federico Román,1,Nueva Esperanza,3911,Gran Cruz,1,U.E. La Gran Cruz,9003754,1,15,25,,3,,,5,,,
5,Federico Román,1,Nueva Esperanza,4107,Nueva Unión,25516,U.E. Bruno Racua,9003784,1,4,30,,24,,,46,,,
5,Federico Román,1,Nueva Esperanza,4268,La Selva,25954,U. E. San Andrés,9003794,1,1,39,,0,,,1,,,
5,Federico Román,2,Villa Nueva,1192,Loma Alta,77,U.E.  Andres Idagua,9003824,1,46,35,58,23,,,11,,,
5,Federico Román,2,Villa Nueva,1192,Loma Alta,77,U.E.  Andres Idagua,9003834,2,33,30,75,27,,,15,,,
5,Federico Román,2,Villa Nueva,1192,Loma Alta,77,U.E.  Andres Idagua,9003844,3,34,14,38,14,,,6,,,
5,Federico Román,2,Villa Nueva,1195,Enarevena,78,U.E. Enarevena,9003854,1,8,44,20,24,,,0,,,
5,Federico Román,2,Villa Nueva,3303,Santa Fé,1,U.E. Juana Azurduy De Padilla,9003804,1,22,5,18,10,,,4,,,
5,Federico Román,2,Villa Nueva,3405,Santa Crucito,1,U.E.  Roberto Gonzales,9003814,1,22,37,37,15,,,3,,,
5,Federico Román,2,Villa Nueva,4101,San Ignacio,25510,U.E. Mariscal Sucre,9003864,1,8,25,25,5,,,1,,,
5,Federico Román,2,Villa Nueva,4102,Perseverancia,25511,U.E. 24 de Junio,9003874,1,31,9,7,1,,,12,,,
5,Federico Román,2,Villa Nueva,4444,Comunidad Campesina  Bella Brisa,26364,U.E. Mario Cortez Vaca,9003884,1,2,4,1,28,,,25,,,
5,Federico Román,2,Villa Nueva,4445,Comunidad Campesina  Triunfo,26365,U.E. 24 de Septiembre,9003894,1,7,8,2,41,,,0,,,
5,Federico Román,3,Santos Mercado,3065,Reserva,1,19 de Octubre,9003904,1,5,42,7,107,,0,4,,,
5,Federico Román,3,Santos Mercado,3065,Reserva,1,19 de Octubre,9003914,2,7,42,5,64,,0,5,,,
5,Federico Román,3,Santos Mercado,3532,San Martin del Pacahuara,1,U.E.  23 de Marzo,9003924,1,26,19,15,23,,0,34,,,
5,Federico Román,3,Santos Mercado,3532,San Martin del Pacahuara,1,U.E.  23 de Marzo,9003934,2,20,14,21,20,,0,12,,,
5,Federico Román,3,Santos Mercado,3888,Villa Victoria,1,U.E. 11 de Septiembre,9003944,1,4,57,8,46,,0,10,,,
5,Federico Román,3,Santos Mercado,3888,Villa Victoria,1,U.E. 11 de Septiembre,9003954,2,0,9,1,7,,0,0,,,
5,Federico Román,3,Santos Mercado,4267,Chiripa,25953,U. E. 25 de Mayo,9003964,1,4,0,64,5,,0,0,,,
5,Federico Román,3,Santos Mercado,4660,Comunidad San Martin de Pacahuara,32506,U.E. 1 de Abril,9003984,1,13,3,4,12,,0,4,,,
5,Federico Román,3,Santos Mercado,4661,Puerto Bolívar,32488,U.E. 1 de Mayo,9003974,1,3,20,1,5,,0,1,,,
