CodigoProvincia,NombreProvincia,CodigoSeccion,NombreMunicipio,CodigoLocalidad,NombreLocalidad,CodigoRecinto,NombreRecinto,CodigoMesa,NumeroMesa,UPP,MDA,LIBRE-PANDO,FRI,MTS,NGP,MNR,FSUTCP
1,Nicolás Suárez,1,Cobija,2751,Nueva Esperanza,13,U.E. Nueva Esperanza,9000061,1,,8,40,6,3,5,0,0
1,Nicolás Suárez,1,Cobija,2773,Cobija,3,U. E. Instituto Americano,9000771,1,,18,74,10,5,6,0,0
1,Nicolás Suárez,1,Cobija,2773,Cobija,3,U. E. Instituto Americano,9000781,2,,26,74,13,8,7,0,0
1,Nicolás Suárez,1,Cobija,2773,Cobija,3,U. E. Instituto Americano,9000791,3,,22,72,10,3,2,0,0
1,Nicolás Suárez,1,Cobija,2773,Cobija,3,U. E. Instituto Americano,9000801,4,,3,12,3,3,1,0,0
1,Nicolás Suárez,1,Cobija,2773,Cobija,8,U.E. Mariano Baptista,9000811,1,,17,43,19,11,7,0,0
1,Nicolás Suárez,1,Cobija,2773,Cobija,8,U.E. Mariano Baptista,9000821,2,,23,55,10,8,5,0,0
1,Nicolás Suárez,1,Cobija,2773,Cobija,8,U.E. Mariano Baptista,9000831,3,,21,41,8,6,1,0,0
1,Nicolás Suárez,1,Cobija,2773,Cobija,8,U.E. Mariano Baptista,9000841,4,,18,44,3,6,1,0,0
1,Nicolás Suárez,1,Cobija,2773,Cobija,8,U.E. Mariano Baptista,9000851,5,,11,20,7,1,1,0,0
1,Nicolás Suárez,1,Cobija,2773,Cobija,11,U. E. 11 de Octubre,9000211,1,,23,36,9,6,3,0,0
1,Nicolás Suárez,1,Cobija,2773,Cobija,11,U. E. 11 de Octubre,9000221,2,,22,48,7,8,2,0,0
1,Nicolás Suárez,1,Cobija,2773,Cobija,11,U. E. 11 de Octubre,9000231,3,,21,42,4,6,5,0,0
1,Nicolás Suárez,1,Cobija,2773,Cobija,11,U. E. 11 de Octubre,9000241,4,,29,42,4,11,1,0,0
1,Nicolás Suárez,1,Cobija,2773,Cobija,11,U. E. 11 de Octubre,9000251,5,,26,50,6,5,4,0,0
1,Nicolás Suárez,1,Cobija,2773,Cobija,11,U. E. 11 de Octubre,9000261,6,,23,33,10,8,2,0,0
1,Nicolás Suárez,1,Cobija,2773,Cobija,11,U. E. 11 de Octubre,9000271,7,,21,49,4,11,7,0,0
1,Nicolás Suárez,1,Cobija,2773,Cobija,11,U. E. 11 de Octubre,9000281,8,,20,42,5,11,6,0,0
1,Nicolás Suárez,1,Cobija,2773,Cobija,11,U. E. 11 de Octubre,9000291,9,,22,57,7,10,2,0,0
1,Nicolás Suárez,1,Cobija,2773,Cobija,11,U. E. 11 de Octubre,9000301,10,,23,44,7,7,4,0,0
1,Nicolás Suárez,1,Cobija,2773,Cobija,11,U. E. 11 de Octubre,9000311,11,,24,29,4,10,2,0,0
1,Nicolás Suárez,1,Cobija,2773,Cobija,12,U.E. German Busch,9000011,1,,25,43,2,5,3,0,0
1,Nicolás Suárez,1,Cobija,2773,Cobija,12,U.E. German Busch,9000021,2,,22,30,4,6,4,0,0
1,Nicolás Suárez,1,Cobija,2773,Cobija,12,U.E. German Busch,9000031,3,,19,43,3,9,2,0,0
1,Nicolás Suárez,1,Cobija,2773,Cobija,12,U.E. German Busch,9000041,4,,27,61,3,6,1,0,0
1,Nicolás Suárez,1,Cobija,2773,Cobija,12,U.E. German Busch,9000051,5,,13,40,2,5,1,0,0
1,Nicolás Suárez,1,Cobija,2773,Cobija,13,(Cárcel) Cárcel Pública (Villa Busch),9000071,1,,15,21,3,1,2,0,0
1,Nicolás Suárez,1,Cobija,2773,Cobija,13,(Cárcel) Cárcel Pública (Villa Busch),9000081,2,,30,14,4,6,1,0,0
1,Nicolás Suárez,1,Cobija,2773,Cobija,13,(Cárcel) Cárcel Pública (Villa Busch),9000091,3,,4,2,0,0,0,0,0
1,Nicolás Suárez,1,Cobija,2773,Cobija,14,U.E. De Bella Vista,9000101,1,,35,45,9,8,5,0,0
1,Nicolás Suárez,1,Cobija,2773,Cobija,14,U.E. De Bella Vista,9000111,2,,23,34,6,6,3,0,0
1,Nicolás Suárez,1,Cobija,2773,Cobija,14,U.E. De Bella Vista,9000121,3,,21,46,7,6,9,0,0
1,Nicolás Suárez,1,Cobija,2773,Cobija,14,U.E. De Bella Vista,9000131,4,,24,38,1,2,0,0,0
1,Nicolás Suárez,1,Cobija,2773,Cobija,14,U.E. De Bella Vista,9000141,5,,15,32,5,9,3,0,0
1,Nicolás Suárez,1,Cobija,2773,Cobija,14,U.E. De Bella Vista,9000151,6,,28,41,4,8,3,0,0
1,Nicolás Suárez,1,Cobija,2773,Cobija,14,U.E. De Bella Vista,9000161,7,,7,21,4,4,1,0,0
1,Nicolás Suárez,1,Cobija,2773,Cobija,23,U. E. Vaca Diez (Intermedio),9000861,1,,15,45,4,10,7,0,0
1,Nicolás Suárez,1,Cobija,2773,Cobija,23,U. E. Vaca Diez (Intermedio),9000871,2,,20,36,8,5,2,0,0
1,Nicolás Suárez,1,Cobija,2773,Cobija,23,U. E. Vaca Diez (Intermedio),9000881,3,,16,61,8,2,2,0,0
1,Nicolás Suárez,1,Cobija,2773,Cobija,23,U. E. Vaca Diez (Intermedio),9000891,4,,0,50,3,5,3,0,0
1,Nicolás Suárez,1,Cobija,2773,Cobija,23,U. E. Vaca Diez (Intermedio),9000901,5,,20,55,4,6,2,0,0
1,Nicolás Suárez,1,Cobija,2773,Cobija,23,U. E. Vaca Diez (Intermedio),9000911,6,,14,56,13,7,3,0,0
1,Nicolás Suárez,1,Cobija,2773,Cobija,23,U. E. Vaca Diez (Intermedio),9000921,7,,17,49,10,9,3,0,0
1,Nicolás Suárez,1,Cobija,2773,Cobija,23,U. E. Vaca Diez (Intermedio),9000931,8,,1,5,0,1,2,0,0
1,Nicolás Suárez,1,Cobija,2773,Cobija,25028,U. E. Cobija,9000941,1,,12,57,10,9,4,0,0
1,Nicolás Suárez,1,Cobija,2773,Cobija,25028,U. E. Cobija,9000951,2,,12,52,7,5,6,0,0
1,Nicolás Suárez,1,Cobija,2773,Cobija,25028,U. E. Cobija,9000961,3,,15,37,3,6,2,0,0
1,Nicolás Suárez,1,Cobija,2773,Cobija,25028,U. E. Cobija,9000971,4,,14,49,8,8,1,0,0
1,Nicolás Suárez,1,Cobija,2773,Cobija,25028,U. E. Cobija,9000981,5,,16,58,7,5,1,0,0
1,Nicolás Suárez,1,Cobija,2773,Cobija,25028,U. E. Cobija,9000991,6,,18,41,9,6,3,0,0
1,Nicolás Suárez,1,Cobija,2773,Cobija,25028,U. E. Cobija,9001001,7,,15,33,4,9,2,0,0
1,Nicolás Suárez,1,Cobija,2773,Cobija,25028,U. E. Cobija,9001011,8,,11,58,1,10,2,0,0
1,Nicolás Suárez,1,Cobija,2773,Cobija,25028,U. E. Cobija,9001021,9,,19,49,7,12,2,0,0
1,Nicolás Suárez,1,Cobija,2773,Cobija,25028,U. E. Cobija,9001031,10,,15,49,9,8,3,0,0
1,Nicolás Suárez,1,Cobija,2773,Cobija,25028,U. E. Cobija,9001041,11,,22,51,7,10,3,0,0
1,Nicolás Suárez,1,Cobija,2773,Cobija,25028,U. E. Cobija,9001051,12,,16,43,7,6,6,0,0
1,Nicolás Suárez,1,Cobija,2773,Cobija,25028,U. E. Cobija,9001061,13,,18,20,6,9,4,0,0
1,Nicolás Suárez,1,Cobija,2773,Cobija,25029,U. E. Mariscal Sucre,9000321,1,,22,36,4,17,4,0,0
1,Nicolás Suárez,1,Cobija,2773,Cobija,25029,U. E. Mariscal Sucre,9000331,2,,19,51,5,4,7,0,0
1,Nicolás Suárez,1,Cobija,2773,Cobija,25029,U. E. Mariscal Sucre,9000341,3,,16,32,7,7,2,0,0
1,Nicolás Suárez,1,Cobija,2773,Cobija,25029,U. E. Mariscal Sucre,9000351,4,,15,49,3,8,3,0,0
1,Nicolás Suárez,1,Cobija,2773,Cobija,25029,U. E. Mariscal Sucre,9000361,5,,22,34,8,14,5,0,0
1,Nicolás Suárez,1,Cobija,2773,Cobija,25029,U. E. Mariscal Sucre,9000371,6,,25,38,8,14,4,0,0
1,Nicolás Suárez,1,Cobija,2773,Cobija,25029,U. E. Mariscal Sucre,9000381,7,,25,36,3,12,3,0,0
1,Nicolás Suárez,1,Cobija,2773,Cobija,25029,U. E. Mariscal Sucre,9000391,8,,13,44,7,18,6,0,0
1,Nicolás Suárez,1,Cobija,2773,Cobija,25029,U. E. Mariscal Sucre,9000401,9,,25,35,1,11,3,0,0
1,Nicolás Suárez,1,Cobija,2773,Cobija,25029,U. E. Mariscal Sucre,9000411,10,,23,52,6,19,1,0,0
1,Nicolás Suárez,1,Cobija,2773,Cobija,25029,U. E. Mariscal Sucre,9000421,11,,25,32,5,9,1,0,0
1,Nicolás Suárez,1,Cobija,2773,Cobija,25029,U. E. Mariscal Sucre,9000431,12,,13,22,4,9,1,0,0
1,Nicolás Suárez,1,Cobija,2773,Cobija,25031,U. E. Rogelia Menacho De Balcazar,9000441,1,,20,46,5,9,2,0,0
1,Nicolás Suárez,1,Cobija,2773,Cobija,25031,U. E. Rogelia Menacho De Balcazar,9000451,2,,18,47,13,10,3,0,0
1,Nicolás Suárez,1,Cobija,2773,Cobija,25031,U. E. Rogelia Menacho De Balcazar,9000461,3,,19,47,10,5,0,0,0
1,Nicolás Suárez,1,Cobija,2773,Cobija,25031,U. E. Rogelia Menacho De Balcazar,9000471,4,,24,31,9,10,4,0,0
1,Nicolás Suárez,1,Cobija,2773,Cobija,25031,U. E. Rogelia Menacho De Balcazar,9000481,5,,12,40,8,10,9,0,0
1,Nicolás Suárez,1,Cobija,2773,Cobija,25031,U. E. Rogelia Menacho De Balcazar,9000491,6,,28,39,3,8,8,0,0
1,Nicolás Suárez,1,Cobija,2773,Cobija,25031,U. E. Rogelia Menacho De Balcazar,9000501,7,,32,43,7,5,3,0,0
1,Nicolás Suárez,1,Cobija,2773,Cobija,25031,U. E. Rogelia Menacho De Balcazar,9000511,8,,21,27,5,7,2,0,0
1,Nicolás Suárez,1,Cobija,2773,Cobija,25032,U. E. José Manuel Pando,9000521,1,,13,48,7,18,1,0,0
1,Nicolás Suárez,1,Cobija,2773,Cobija,25032,U. E. José Manuel Pando,9000531,2,,21,35,7,14,4,0,0
1,Nicolás Suárez,1,Cobija,2773,Cobija,25032,U. E. José Manuel Pando,9000541,3,,18,32,8,14,6,0,0
1,Nicolás Suárez,1,Cobija,2773,Cobija,25032,U. E. José Manuel Pando,9000551,4,,21,44,7,8,5,0,0
1,Nicolás Suárez,1,Cobija,2773,Cobija,25032,U. E. José Manuel Pando,9000561,5,,10,40,6,10,7,0,0
1,Nicolás Suárez,1,Cobija,2773,Cobija,25032,U. E. José Manuel Pando,9000571,6,,10,32,9,13,2,0,0
1,Nicolás Suárez,1,Cobija,2773,Cobija,25032,U. E. José Manuel Pando,9000581,7,,20,33,5,12,3,0,0
1,Nicolás Suárez,1,Cobija,2773,Cobija,25032,U. E. José Manuel Pando,9000591,8,,18,44,9,12,7,0,0
1,Nicolás Suárez,1,Cobija,2773,Cobija,25032,U. E. José Manuel Pando,9000601,9,,21,45,7,6,11,0,0
1,Nicolás Suárez,1,Cobija,2773,Cobija,25032,U. E. José Manuel Pando,9000611,10,,17,43,6,12,4,0,0
1,Nicolás Suárez,1,Cobija,2773,Cobija,25032,U. E. José Manuel Pando,9000621,11,,19,38,4,3,1,0,0
1,Nicolás Suárez,1,Cobija,2773,Cobija,25032,U. E. José Manuel Pando,9000631,12,,15,28,7,11,6,0,0
1,Nicolás Suárez,1,Cobija,2773,Cobija,25033,U. E. Sofia Calpiñeiro,9001281,1,,21,80,12,4,3,0,0
1,Nicolás Suárez,1,Cobija,2773,Cobija,25033,U. E. Sofia Calpiñeiro,9001291,2,,22,59,8,7,0,0,0
1,Nicolás Suárez,1,Cobija,2773,Cobija,25033,U. E. Sofia Calpiñeiro,9001301,3,,18,55,4,8,3,0,0
1,Nicolás Suárez,1,Cobija,2773,Cobija,25033,U. E. Sofia Calpiñeiro,9001311,4,,21,55,6,8,2,0,0
1,Nicolás Suárez,1,Cobija,2773,Cobija,25033,U. E. Sofia Calpiñeiro,9001321,5,,21,73,6,6,2,0,0
1,Nicolás Suárez,1,Cobija,2773,Cobija,25034,U. E. Juana Azurduy De Padilla,9001071,1,,21,72,4,12,3,0,0
1,Nicolás Suárez,1,Cobija,2773,Cobija,25034,U. E. Juana Azurduy De Padilla,9001081,2,,25,60,8,4,8,0,0
1,Nicolás Suárez,1,Cobija,2773,Cobija,25034,U. E. Juana Azurduy De Padilla,9001091,3,,8,44,7,12,1,0,0
1,Nicolás Suárez,1,Cobija,2773,Cobija,25035,U.E. Defensores Del Acre,9000641,1,,16,48,17,10,3,0,0
1,Nicolás Suárez,1,Cobija,2773,Cobija,25035,U.E. Defensores Del Acre,9000651,2,,15,40,9,7,4,0,0
1,Nicolás Suárez,1,Cobija,2773,Cobija,25035,U.E. Defensores Del Acre,9000661,3,,24,29,8,14,4,0,0
1,Nicolás Suárez,1,Cobija,2773,Cobija,25035,U.E. Defensores Del Acre,9000671,4,,20,40,7,4,4,0,0
1,Nicolás Suárez,1,Cobija,2773,Cobija,25035,U.E. Defensores Del Acre,9000681,5,,17,48,5,6,8,0,0
1,Nicolás Suárez,1,Cobija,2773,Cobija,25035,U.E. Defensores Del Acre,9000691,6,,21,38,2,9,0,0,0
1,Nicolás Suárez,1,Cobija,2773,Cobija,25035,U.E. Defensores Del Acre,9000701,7,,17,39,4,8,4,0,0
1,Nicolás Suárez,1,Cobija,2773,Cobija,25035,U.E. Defensores Del Acre,9000711,8,,23,48,0,4,1,0,0
1,Nicolás Suárez,1,Cobija,2773,Cobija,25035,U.E. Defensores Del Acre,9000721,9,,27,54,3,6,6,0,0
1,Nicolás Suárez,1,Cobija,2773,Cobija,25035,U.E. Defensores Del Acre,9000731,10,,26,47,6,2,5,0,0
1,Nicolás Suárez,1,Cobija,2773,Cobija,25035,U.E. Defensores Del Acre,9000741,11,,23,47,5,5,6,0,0
1,Nicolás Suárez,1,Cobija,2773,Cobija,25036,U. E. Vaca Diez (Medio),9001111,1,,20,61,11,14,1,0,0
1,Nicolás Suárez,1,Cobija,2773,Cobija,25036,U. E. Vaca Diez (Medio),9001121,2,,19,50,7,6,5,0,0
1,Nicolás Suárez,1,Cobija,2773,Cobija,25036,U. E. Vaca Diez (Medio),9001131,3,,20,41,16,12,5,0,0
1,Nicolás Suárez,1,Cobija,2773,Cobija,25036,U. E. Vaca Diez (Medio),9001141,4,,20,54,8,3,4,0,0
1,Nicolás Suárez,1,Cobija,2773,Cobija,25036,U. E. Vaca Diez (Medio),9001151,5,,24,59,6,3,1,0,0
1,Nicolás Suárez,1,Cobija,2773,Cobija,25036,U. E. Vaca Diez (Medio),9001161,6,,19,46,8,3,4,0,0
1,Nicolás Suárez,1,Cobija,2773,Cobija,25037,Kínder Víctor León Arueta,9001101,1,,17,56,9,4,4,0,0
1,Nicolás Suárez,1,Cobija,2773,Cobija,25040,U. E. Manuela Rojas,9001371,1,,25,63,8,9,5,0,0
1,Nicolás Suárez,1,Cobija,2773,Cobija,25040,U. E. Manuela Rojas,9001381,2,,29,56,11,7,6,0,0
1,Nicolás Suárez,1,Cobija,2773,Cobija,25040,U. E. Manuela Rojas,9001391,3,,14,46,3,4,4,0,0
1,Nicolás Suárez,1,Cobija,2773,Cobija,25040,U. E. Manuela Rojas,9001401,4,,31,43,12,9,2,0,0
1,Nicolás Suárez,1,Cobija,2773,Cobija,25040,U. E. Manuela Rojas,9001411,5,,34,54,8,6,3,0,0
1,Nicolás Suárez,1,Cobija,2773,Cobija,25040,U. E. Manuela Rojas,9001421,6,,16,40,10,9,9,0,0
1,Nicolás Suárez,1,Cobija,2773,Cobija,25040,U. E. Manuela Rojas,9001431,7,,21,57,10,6,2,0,0
1,Nicolás Suárez,1,Cobija,2773,Cobija,25040,U. E. Manuela Rojas,9001441,8,,18,43,8,15,2,0,0
1,Nicolás Suárez,1,Cobija,2773,Cobija,25040,U. E. Manuela Rojas,9001451,9,,15,40,7,7,3,0,0
1,Nicolás Suárez,1,Cobija,2773,Cobija,25040,U. E. Manuela Rojas,9001461,10,,23,45,4,7,2,0,0
1,Nicolás Suárez,1,Cobija,2773,Cobija,25040,U. E. Manuela Rojas,9001471,11,,20,48,4,6,4,0,0
1,Nicolás Suárez,1,Cobija,2773,Cobija,25040,U. E. Manuela Rojas,9001481,12,,30,38,12,8,4,0,0
1,Nicolás Suárez,1,Cobija,2773,Cobija,25040,U. E. Manuela Rojas,9001491,13,,28,45,5,6,4,0,0
1,Nicolás Suárez,1,Cobija,2773,Cobija,25040,U. E. Manuela Rojas,9001501,14,,31,50,4,5,4,0,0
1,Nicolás Suárez,1,Cobija,2773,Cobija,25040,U. E. Manuela Rojas,9001511,15,,28,47,10,6,5,0,0
1,Nicolás Suárez,1,Cobija,2773,Cobija,25040,U. E. Manuela Rojas,9001521,16,,13,30,1,7,0,0,0
1,Nicolás Suárez,1,Cobija,2773,Cobija,25041,U. E. Simon Bolivar,9001531,1,,21,42,5,7,4,0,0
1,Nicolás Suárez,1,Cobija,2773,Cobija,25041,U. E. Simon Bolivar,9001541,2,,28,34,8,9,1,0,0
1,Nicolás Suárez,1,Cobija,2773,Cobija,25041,U. E. Simon Bolivar,9001551,3,,27,40,5,4,6,0,0
1,Nicolás Suárez,1,Cobija,2773,Cobija,25041,U. E. Simon Bolivar,9001561,4,,24,32,5,7,3,0,0
1,Nicolás Suárez,1,Cobija,2773,Cobija,25041,U. E. Simon Bolivar,9001571,5,,16,47,5,7,3,0,0
1,Nicolás Suárez,1,Cobija,2773,Cobija,25041,U. E. Simon Bolivar,9001581,6,,20,35,6,5,3,0,0
1,Nicolás Suárez,1,Cobija,2773,Cobija,25041,U. E. Simon Bolivar,9001591,7,,42,31,4,5,1,0,0
1,Nicolás Suárez,1,Cobija,2773,Cobija,25041,U. E. Simon Bolivar,9001601,8,,21,46,5,5,2,0,0
1,Nicolás Suárez,1,Cobija,2773,Cobija,25041,U. E. Simon Bolivar,9001611,9,,22,56,9,8,6,0,0
1,Nicolás Suárez,1,Cobija,2773,Cobija,25041,U. E. Simon Bolivar,9001621,10,,17,42,4,4,3,0,0
1,Nicolás Suárez,1,Cobija,2773,Cobija,25041,U. E. Simon Bolivar,9001631,11,,23,40,4,3,2,0,0
1,Nicolás Suárez,1,Cobija,2773,Cobija,25041,U. E. Simon Bolivar,9001641,12,,16,43,8,3,1,0,0
1,Nicolás Suárez,1,Cobija,2773,Cobija,25041,U. E. Simon Bolivar,9001651,13,,15,46,6,9,3,0,0
1,Nicolás Suárez,1,Cobija,2773,Cobija,25041,U. E. Simon Bolivar,9001661,14,,17,23,7,7,2,0,0
1,Nicolás Suárez,1,Cobija,2773,Cobija,25042,U.E. Villa Cruz,9001171,1,,15,63,10,2,4,0,0
1,Nicolás Suárez,1,Cobija,2773,Cobija,25042,U.E. Villa Cruz,9001181,2,,20,81,10,10,3,0,0
1,Nicolás Suárez,1,Cobija,2773,Cobija,25938,U.E. Héroes de la Distancia,9001331,1,,14,64,3,6,5,0,0
1,Nicolás Suárez,1,Cobija,2773,Cobija,25938,U.E. Héroes de la Distancia,9001341,2,,11,63,10,5,6,0,0
1,Nicolás Suárez,1,Cobija,2773,Cobija,25938,U.E. Héroes de la Distancia,9001351,3,,29,76,2,5,3,0,0
1,Nicolás Suárez,1,Cobija,2773,Cobija,25938,U.E. Héroes de la Distancia,9001361,4,,6,21,1,1,2,0,0
1,Nicolás Suárez,1,Cobija,2773,Cobija,26074,U. E. Abaroa,9000191,1,,29,40,8,11,11,0,0
1,Nicolás Suárez,1,Cobija,2773,Cobija,26074,U. E. Abaroa,9000201,2,,15,38,9,2,4,0,0
1,Nicolás Suárez,1,Cobija,2773,Cobija,26076,U. E. Juan Evo Morales Ayma,9000751,1,,32,33,6,3,6,0,0
1,Nicolás Suárez,1,Cobija,2773,Cobija,26076,U. E. Juan Evo Morales Ayma,9000761,2,,19,44,9,7,4,0,0
1,Nicolás Suárez,1,Cobija,2773,Cobija,26077,U. E. Marcelo Quiroga Santa Cruz,9001671,1,,21,50,7,6,5,0,0
1,Nicolás Suárez,1,Cobija,2773,Cobija,26077,U. E. Marcelo Quiroga Santa Cruz,9001681,2,,8,20,2,3,3,0,0
1,Nicolás Suárez,1,Cobija,2773,Cobija,26078,U. E. Alfredo Ovando Candia,9001691,1,,17,17,3,8,0,0,0
1,Nicolás Suárez,1,Cobija,2773,Cobija,26078,U. E. Alfredo Ovando Candia,9001701,2,,11,18,7,6,5,0,0
1,Nicolás Suárez,1,Cobija,2773,Cobija,26078,U. E. Alfredo Ovando Candia,9001711,3,,15,21,1,2,3,0,0
1,Nicolás Suárez,1,Cobija,2773,Cobija,32002,INCOS Pando,9001191,1,,17,64,10,7,4,0,0
1,Nicolás Suárez,1,Cobija,2773,Cobija,32002,INCOS Pando,9001201,2,,17,54,9,8,7,0,0
1,Nicolás Suárez,1,Cobija,2773,Cobija,32002,INCOS Pando,9001211,3,,24,48,6,2,7,0,0
1,Nicolás Suárez,1,Cobija,2773,Cobija,32002,INCOS Pando,9001221,4,,22,52,8,7,4,0,0
1,Nicolás Suárez,1,Cobija,2773,Cobija,32002,INCOS Pando,9001231,5,,29,45,10,7,6,0,0
1,Nicolás Suárez,1,Cobija,2773,Cobija,32002,INCOS Pando,9001241,6,,21,57,8,9,6,0,0
1,Nicolás Suárez,1,Cobija,2773,Cobija,32002,INCOS Pando,9001251,7,,22,60,6,10,4,0,0
1,Nicolás Suárez,1,Cobija,2773,Cobija,32002,INCOS Pando,9001261,8,,16,61,13,10,6,0,0
1,Nicolás Suárez,1,Cobija,2773,Cobija,32002,INCOS Pando,9001271,9,,6,18,3,5,1,0,0
1,Nicolás Suárez,1,Cobija,2773,Cobija,32492,U.E. El Castañal,9001721,1,,23,63,9,16,4,0,0
1,Nicolás Suárez,1,Cobija,2773,Cobija,32492,U.E. El Castañal,9001731,2,,3,8,0,4,3,0,0
1,Nicolás Suárez,1,Cobija,4277,Mejillones,25963,U.E. Mejillones,9000171,1,,49,36,13,5,5,0,0
1,Nicolás Suárez,1,Cobija,4278,Villa Rosario,25964,U. E. María Barzola,9000181,1,,14,69,17,9,0,0,0
1,Nicolás Suárez,2,Porvenir,1113,Porvenir,14,U.E. Mons. Santisteban,9001741,1,,39,17,1,6,15,0,0
1,Nicolás Suárez,2,Porvenir,1113,Porvenir,14,U.E. Mons. Santisteban,9001751,2,,32,29,0,4,13,0,0
1,Nicolás Suárez,2,Porvenir,1113,Porvenir,14,U.E. Mons. Santisteban,9001761,3,,35,28,2,4,15,0,0
1,Nicolás Suárez,2,Porvenir,1113,Porvenir,14,U.E. Mons. Santisteban,9001771,4,,24,29,4,7,21,0,0
1,Nicolás Suárez,2,Porvenir,1113,Porvenir,14,U.E. Mons. Santisteban,9001781,5,,31,36,2,6,19,0,0
1,Nicolás Suárez,2,Porvenir,1113,Porvenir,14,U.E. Mons. Santisteban,9001791,6,,28,17,5,4,20,0,0
1,Nicolás Suárez,2,Porvenir,1113,Porvenir,14,U.E. Mons. Santisteban,9001801,7,,33,17,0,6,12,0,0
1,Nicolás Suárez,2,Porvenir,1113,Porvenir,15,U.E. Bruno Racua,9001811,1,,42,33,2,5,19,0,0
1,Nicolás Suárez,2,Porvenir,1113,Porvenir,15,U.E. Bruno Racua,9001821,2,,42,19,5,9,13,0,0
1,Nicolás Suárez,2,Porvenir,1113,Porvenir,15,U.E. Bruno Racua,9001831,3,,32,29,5,4,22,0,0
1,Nicolás Suárez,2,Porvenir,1113,Porvenir,15,U.E. Bruno Racua,9001841,4,,32,23,1,2,18,0,0
1,Nicolás Suárez,2,Porvenir,1113,Porvenir,15,U.E. Bruno Racua,9001851,5,,28,25,2,5,19,0,0
1,Nicolás Suárez,2,Porvenir,1113,Porvenir,15,U.E. Bruno Racua,9001861,6,,40,13,0,4,27,0,0
1,Nicolás Suárez,2,Porvenir,1115,Villa Bella (km 6),15,U.E. Villa Bella,9001871,1,,34,39,4,7,3,0,0
1,Nicolás Suárez,2,Porvenir,1115,Villa Bella (km 6),15,U.E. Villa Bella,9001881,2,,26,29,2,2,15,0,0
1,Nicolás Suárez,2,Porvenir,1115,Villa Bella (km 6),15,U.E. Villa Bella,9001891,3,,31,36,5,4,9,0,0
1,Nicolás Suárez,2,Porvenir,1115,Villa Bella (km 6),15,U.E. Villa Bella,9001901,4,,38,25,0,5,19,0,0
1,Nicolás Suárez,2,Porvenir,2798,Campoana,16,U.E.  Gutembert Cruz,9001911,1,,46,23,5,2,5,0,0
1,Nicolás Suárez,2,Porvenir,2798,Campoana,16,U.E.  Gutembert Cruz,9001921,2,,17,13,0,0,3,0,0
1,Nicolás Suárez,2,Porvenir,4276,Trinchera,25962,U. E. Maranguapi,9001931,1,,6,11,0,1,3,0,0
1,Nicolás Suárez,2,Porvenir,4446,Comunidad Campesina  5 de Agosto,26366,U.E. 23 de Marzo,9001941,1,,5,12,3,0,13,0,0
1,Nicolás Suárez,3,Bolpebra,1116,San Pedro de Bolpebra,19,U.E. De Bolpebra,9002011,1,,12,27,0,1,1,0,0
1,Nicolás Suárez,3,Bolpebra,1118,Nareuda,20,U.E.  Genoveva Rios,9002041,1,,33,58,1,1,0,0,0
1,Nicolás Suárez,3,Bolpebra,1118,Nareuda,20,U.E.  Genoveva Rios,9002051,2,,7,14,1,1,0,0,0
1,Nicolás Suárez,3,Bolpebra,1119,Mukden,19,U.E. De Mukden,9002021,1,,27,81,10,2,0,0,0
1,Nicolás Suárez,3,Bolpebra,1119,Mukden,19,U.E. De Mukden,9002031,2,,24,48,8,3,1,0,0
1,Nicolás Suárez,3,Bolpebra,3260,Bioceánica,1,U.E. Bioceanica,9001951,1,,18,19,1,3,0,0,0
1,Nicolás Suárez,3,Bolpebra,3261,3 Arroyos,1,U.E. Tres Estrellas,9001961,1,,15,21,1,0,0,0,0
1,Nicolás Suárez,3,Bolpebra,3407,Litoral,1,U.E.  Santa Lucia,9001971,1,,13,22,3,2,1,0,0
1,Nicolás Suárez,3,Bolpebra,3526,Yaminahua,1,U.E. De Yaminahua,9001981,1,,3,15,0,3,1,0,0
1,Nicolás Suárez,3,Bolpebra,3869,San Miguel de Machineri,1,U.E. San Miguel,9001991,1,,4,4,0,1,0,0,0
1,Nicolás Suárez,3,Bolpebra,3872,Nueva Canaán,1,U.E. Nueva Canaán,9002001,1,,11,39,0,1,0,0,0
1,Nicolás Suárez,3,Bolpebra,4264,Vera Cruz,25950,U. E. Vera Cruz,9002061,1,,35,31,1,4,0,0,0
1,Nicolás Suárez,3,Bolpebra,4447,Comunidad Campesina Turística Ecológica  Arca de Noé,26367,U.E. Arca de Noé,9002071,1,,38,14,0,3,0,0,0
1,Nicolás Suárez,4,Bella Flor,1125,Villa el Carmen,23,U.E. Buena Vista,9002161,1,,21,29,0,18,1,0,0
1,Nicolás Suárez,4,Bella Flor,1126,Karamanu Km 35,25,U.E.  Km. 35 de Karamanu,9002181,1,,31,14,5,28,0,0,0
1,Nicolás Suárez,4,Bella Flor,1126,Karamanu Km 35,25,U.E.  Km. 35 de Karamanu,9002191,2,,22,7,5,28,2,0,0
1,Nicolás Suárez,4,Bella Flor,1127,San Antonio Km 60,24,U.E.  Km. 60 de San Antonio,9002171,1,,10,54,2,16,1,0,0
1,Nicolás Suárez,4,Bella Flor,1129,Mapajo (Samahuma),26,U.E. Mapajo,9002201,1,,17,8,1,1,1,0,0
1,Nicolás Suárez,4,Bella Flor,3262,Santa Lucía,1,U.E.  Hugo Antequera,9002081,1,,15,54,7,12,1,0,0
1,Nicolás Suárez,4,Bella Flor,3262,Santa Lucía,1,U.E.  Hugo Antequera,9002091,2,,11,59,14,25,7,0,0
1,Nicolás Suárez,4,Bella Flor,3262,Santa Lucía,1,U.E.  Hugo Antequera,9002101,3,,8,16,2,16,1,0,0
1,Nicolás Suárez,4,Bella Flor,3386,Montevideo,1,U.E. Jorge Benito Vera,9002111,1,,35,25,0,6,3,0,0
1,Nicolás Suárez,4,Bella Flor,3386,Montevideo,1,U.E. Jorge Benito Vera,9002121,2,,26,24,4,4,0,0,0
1,Nicolás Suárez,4,Bella Flor,3527,Florida (TCO),1,U.E. De Florida,9002131,1,,1,2,0,2,0,0,0
1,Nicolás Suárez,4,Bella Flor,3874,San Pedro,1,U.E. Simon Bolívar,9002141,1,,25,25,2,22,1,0,0
1,Nicolás Suárez,4,Bella Flor,3890,Santa Lourdes,1,U.E. Santa Lourdes,9002151,1,,25,26,3,17,2,0,0
1,Nicolás Suárez,4,Bella Flor,4367,Castañera Campoana,26079,U. E. 24 de Septiembre,9002211,1,,10,8,1,7,0,0,0
1,Nicolás Suárez,4,Bella Flor,4663,Comunidad Campesina El Fortín,32490,U.E. Fortín,9002221,1,,12,6,4,8,1,0,0
3,Madre de Dios,1,Puerto Gonzalo Moreno,1155,Gonzalo Moreno,47,U.E. Luz En El Camino,9002831,1,17,33,23,27,,,,
3,Madre de Dios,1,Puerto Gonzalo Moreno,1155,Gonzalo Moreno,47,U.E. Luz En El Camino,9002841,2,11,34,26,36,,,,
3,Madre de Dios,1,Puerto Gonzalo Moreno,1155,Gonzalo Moreno,47,U.E. Luz En El Camino,9002851,3,8,63,18,12,,,,
3,Madre de Dios,1,Puerto Gonzalo Moreno,1155,Gonzalo Moreno,47,U.E. Luz En El Camino,9002861,4,12,68,9,18,,,,
3,Madre de Dios,1,Puerto Gonzalo Moreno,1155,Gonzalo Moreno,47,U.E. Luz En El Camino,9002871,5,7,44,29,15,,,,
3,Madre de Dios,1,Puerto Gonzalo Moreno,1157,Portachuelo Centro,51,U.E.  Portachuelo Dios Es Amor,9002941,1,2,93,0,4,,,,
3,Madre de Dios,1,Puerto Gonzalo Moreno,1157,Portachuelo Centro,51,U.E.  Portachuelo Dios Es Amor,9002951,2,0,26,0,2,,,,
3,Madre de Dios,1,Puerto Gonzalo Moreno,1157,Portachuelo Centro,26075,Sede Portachuelo Medio (Tacana),9002961,1,5,63,9,29,,,,
3,Madre de Dios,1,Puerto Gonzalo Moreno,1159,Agua Dulce,49,U.E. Agua Dulce,9002911,1,2,73,43,3,,,,
3,Madre de Dios,1,Puerto Gonzalo Moreno,1160,Las Piedras,48,U.E. Pedro Herrera,9002881,1,10,30,71,12,,,,
3,Madre de Dios,1,Puerto Gonzalo Moreno,1160,Las Piedras,48,U.E. Pedro Herrera,9002891,2,7,23,74,7,,,,
3,Madre de Dios,1,Puerto Gonzalo Moreno,1160,Las Piedras,48,U.E. Pedro Herrera,9002901,3,16,29,61,7,,,,
3,Madre de Dios,1,Puerto Gonzalo Moreno,1161,Miraflores,50,U.E. Miraflores,9002921,1,22,57,19,4,,,,
3,Madre de Dios,1,Puerto Gonzalo Moreno,1161,Miraflores,50,U.E. Miraflores,9002931,2,8,15,6,0,,,,
3,Madre de Dios,1,Puerto Gonzalo Moreno,3881,Contravaricia,1,U.E. 2 de Agosto,9002821,1,4,88,39,4,,,,
3,Madre de Dios,2,San Lorenzo,1142,Loreto,35,U.E.  6 de Junio,9003051,1,58,6,2,0,,,,
3,Madre de Dios,2,San Lorenzo,1164,Palestina (M.de Dios),55,U.E.  Genoveva Rios,9003131,1,21,29,4,0,,,,
3,Madre de Dios,2,San Lorenzo,1166,Trinidacito,54,U.E. Gregoria Destre Maturana,9003111,1,26,67,29,1,,,,
3,Madre de Dios,2,San Lorenzo,1166,Trinidacito,54,U.E. Gregoria Destre Maturana,9003121,2,4,4,4,0,,,,
3,Madre de Dios,2,San Lorenzo,1172,Blanca Flor,52,U.E.  24 de Septiembre,9003061,1,53,35,22,2,,,,
3,Madre de Dios,2,San Lorenzo,1172,Blanca Flor,52,U.E.  24 de Septiembre,9003071,2,47,38,31,1,,,,
3,Madre de Dios,2,San Lorenzo,1172,Blanca Flor,52,U.E.  24 de Septiembre,9003081,3,49,22,34,1,,,,
3,Madre de Dios,2,San Lorenzo,1172,Blanca Flor,52,U.E.  24 de Septiembre,9003091,4,67,25,28,0,,,,
3,Madre de Dios,2,San Lorenzo,1172,Blanca Flor,52,U.E.  24 de Septiembre,9003101,5,7,6,0,0,,,,
3,Madre de Dios,2,San Lorenzo,2754,Vista Alegre,56,U.E. Vista Alegre,9003141,1,20,37,21,0,,,,
3,Madre de Dios,2,San Lorenzo,2754,Vista Alegre,56,U.E. Vista Alegre,9003151,2,4,10,5,0,,,,
3,Madre de Dios,2,San Lorenzo,2800,Galilea,57,U.E. Galilea,9003161,1,53,21,2,0,,,,
3,Madre de Dios,2,San Lorenzo,3067,Sinaí,1,U.E.  Bruno Racua,9002971,1,21,6,3,3,,,,
3,Madre de Dios,2,San Lorenzo,3068,Ibéria,1,U.E. De Iberia,9002981,1,2,1,18,0,,,,
3,Madre de Dios,2,San Lorenzo,3253,Naranjal,1,U.E.  Soledad,9002991,1,46,73,10,0,,,,
3,Madre de Dios,2,San Lorenzo,3253,Naranjal,1,U.E.  Soledad,9003001,2,5,9,1,0,,,,
3,Madre de Dios,2,San Lorenzo,3428,San Salvador,25028,Escuela Eduardo Abaroa,9003171,1,17,14,13,4,,,,
3,Madre de Dios,2,San Lorenzo,3882,Samaria,1,U.E. 21 de Septiembre,9003011,1,8,13,6,0,,,,
3,Madre de Dios,2,San Lorenzo,3883,Genechiquia,1,U.E. 6 de Agosto,9003021,1,34,15,0,0,,,,
3,Madre de Dios,2,San Lorenzo,3884,Exaltación,1,U.E. 27 de Mayo,9003031,1,57,15,8,3,,,,
3,Madre de Dios,2,San Lorenzo,3885,Nuevo Horizonte,1,U.E. Nuevo Horizonte,9003041,1,16,4,12,0,,,,
3,Madre de Dios,2,San Lorenzo,4173,Charal,25573,U.E. Charal,9003181,1,10,25,12,3,,,,
3,Madre de Dios,2,San Lorenzo,4251,El Retorno,25934,U.E. Simón Bolivar,9003191,1,19,6,6,0,,,,
3,Madre de Dios,2,San Lorenzo,4252,Brigida,25935,U.E. Samuel Guillen,9003201,1,5,16,14,0,,,,
3,Madre de Dios,2,San Lorenzo,4254,Navidad,25937,U.E. 12 de Abril,9003211,1,28,2,5,1,,,,
3,Madre de Dios,2,San Lorenzo,4275,Nueva Esperanza,25961,U. E. 21 de Septiembre,9003221,1,22,6,26,0,,,,
3,Madre de Dios,3,Sena,1173,El Sena,62,U.E. El Sena,9003301,1,15,7,17,77,,,,
3,Madre de Dios,3,Sena,1173,El Sena,62,U.E. El Sena,9003311,2,13,8,16,67,,,,
3,Madre de Dios,3,Sena,1173,El Sena,62,U.E. El Sena,9003321,3,17,4,16,60,,,,
3,Madre de Dios,3,Sena,1173,El Sena,62,U.E. El Sena,9003331,4,17,8,15,63,,,,
3,Madre de Dios,3,Sena,1173,El Sena,62,U.E. El Sena,9003341,5,11,11,15,55,,,,
3,Madre de Dios,3,Sena,1173,El Sena,62,U.E. El Sena,9003351,6,12,5,15,78,,,,
3,Madre de Dios,3,Sena,1173,El Sena,62,U.E. El Sena,9003361,7,15,4,17,62,,,,
3,Madre de Dios,3,Sena,1173,El Sena,62,U.E. El Sena,9003371,8,8,14,16,64,,,,
3,Madre de Dios,3,Sena,1173,El Sena,62,U.E. El Sena,9003381,9,22,8,22,53,,,,
3,Madre de Dios,3,Sena,1173,El Sena,62,U.E. El Sena,9003391,10,18,14,21,55,,,,
3,Madre de Dios,3,Sena,1173,El Sena,62,U.E. El Sena,9003401,11,16,8,18,81,,,,
3,Madre de Dios,3,Sena,1173,El Sena,62,U.E. El Sena,9003411,12,9,2,12,42,,,,
3,Madre de Dios,3,Sena,1173,El Sena,32491,U.E. Mariano Justiniano Orbe,9003531,1,9,3,0,23,,,,
3,Madre de Dios,3,Sena,1176,Santa Rosa del Manupare,65,U.E. Santa Rosa,9003431,1,0,0,5,49,,,,
3,Madre de Dios,3,Sena,1177,Las Mercedes,64,U.E. Las Mercedes,9003421,1,2,0,3,46,,,,
3,Madre de Dios,3,Sena,1179,Palma Real,66,U.E. Palma Real,9003441,1,11,4,6,59,,,,
3,Madre de Dios,3,Sena,1179,Palma Real,66,U.E. Palma Real,9003451,2,11,7,7,55,,,,
3,Madre de Dios,3,Sena,1179,Palma Real,66,U.E. Palma Real,9003461,3,4,8,8,62,,,,
3,Madre de Dios,3,Sena,3252,Remanzo,1,U.E. Remanso,9003231,1,3,3,6,31,,,,
3,Madre de Dios,3,Sena,3300,El Turi (Carretera),2,U.E.  2 de Agosto,9003281,1,0,1,5,49,,,,
3,Madre de Dios,3,Sena,3317,Pekin,2,U.E. De Pekin,9003291,1,3,4,3,29,,,,
3,Madre de Dios,3,Sena,3530,El Turi (Comunidad Indígena),1,U.E. El Turi (Rio Manurape),9003241,1,2,5,8,63,,,,
3,Madre de Dios,3,Sena,3530,El Turi (Comunidad Indígena),1,U.E. El Turi (Rio Manurape),9003251,2,0,2,2,2,,,,
3,Madre de Dios,3,Sena,3886,San Salvador,1,U.E. San Francisco,9003261,1,2,7,4,48,,,,
3,Madre de Dios,3,Sena,3891,Santa Elena,1,U.E. Santa Elena,9003271,1,4,4,6,73,,,,
3,Madre de Dios,3,Sena,4014,Copacabana,25330,U.E. 4 de Agosto,9003471,1,4,5,7,63,,,,
3,Madre de Dios,3,Sena,4103,Villa Cotoca,25512,U.E. 1ro. de Mayo,9003481,1,13,0,10,48,,,,
3,Madre de Dios,3,Sena,4104,Brígida II,25513,U.E. Mahanain,9003491,1,0,2,2,50,,,,
3,Madre de Dios,3,Sena,4105,Monte Sinai,25514,U.E. Juana Azurduy De Padilla,9003501,1,30,4,21,37,,,,
3,Madre de Dios,3,Sena,4106,San Antonio,25515,U.E. San Antonio,9003541,1,1,5,4,26,,,,
3,Madre de Dios,3,Sena,4274,Girado,25960,U. E. Nuestra Señora del Carmen,9003511,1,5,15,8,82,,,,
3,Madre de Dios,3,Sena,4274,Girado,25960,U. E. Nuestra Señora del Carmen,9003521,2,0,4,2,25,,,,
